RMSE,NRMSE,Pearson,Kendall,Spearman
"{'Tree': 1, 'Depth': 'Ballen', 'Pair': 'SMT100-Climavi', 'Value': np.float64(0.031090482509493828)}","{'Tree': 1, 'Depth': 'Ballen', 'Pair': 'SMT100-Climavi', 'Value': np.float64(0.9087086666812559)}","{'Tree': 1, 'Depth': 'Ballen', 'Pair': 'SMT100-Climavi', 'Value': np.float64(0.41743090338207073)}","{'Tree': 1, 'Depth': 'Ballen', 'Pair': 'SMT100-Climavi', 'Value': np.float64(0.2993992897266747)}","{'Tree': 1, 'Depth': 'Ballen', 'Pair': 'SMT100-Climavi', 'Value': np.float64(0.3894676881169337)}"
"{'Tree': 1, 'Depth': 'Ballen', 'Pair': 'Plantobelly-Climavi', 'Value': nan}","{'Tree': 1, 'Depth': 'Ballen', 'Pair': 'Plantobelly-Climavi', 'Value': np.float64(nan)}","{'Tree': 1, 'Depth': 'Ballen', 'Pair': 'Plantobelly-Climavi', 'Value': np.float64(nan)}","{'Tree': 1, 'Depth': 'Ballen', 'Pair': 'Plantobelly-Climavi', 'Value': np.float64(nan)}","{'Tree': 1, 'Depth': 'Ballen', 'Pair': 'Plantobelly-Climavi', 'Value': np.float64(nan)}"
"{'Tree': 1, 'Depth': 'Ballen', 'Pair': 'Watermark-Climavi', 'Value': np.float64(0.4702638508381837)}","{'Tree': 1, 'Depth': 'Ballen', 'Pair': 'Watermark-Climavi', 'Value': np.float64(1.4760532409619809)}","{'Tree': 1, 'Depth': 'Ballen', 'Pair': 'Watermark-Climavi', 'Value': np.float64(-0.6118889839473172)}","{'Tree': 1, 'Depth': 'Ballen', 'Pair': 'Watermark-Climavi', 'Value': np.float64(-0.4569633778504001)}","{'Tree': 1, 'Depth': 'Ballen', 'Pair': 'Watermark-Climavi', 'Value': np.float64(-0.6204542634253113)}"
"{'Tree': 1, 'Depth': 'Ballen', 'Pair': 'Tensiomark-Climavi', 'Value': nan}","{'Tree': 1, 'Depth': 'Ballen', 'Pair': 'Tensiomark-Climavi', 'Value': np.float64(nan)}","{'Tree': 1, 'Depth': 'Ballen', 'Pair': 'Tensiomark-Climavi', 'Value': np.float64(nan)}","{'Tree': 1, 'Depth': 'Ballen', 'Pair': 'Tensiomark-Climavi', 'Value': np.float64(nan)}","{'Tree': 1, 'Depth': 'Ballen', 'Pair': 'Tensiomark-Climavi', 'Value': np.float64(nan)}"
"{'Tree': 1, 'Depth': 'Ballen', 'Pair': 'Plantobelly-SMT100', 'Value': nan}","{'Tree': 1, 'Depth': 'Ballen', 'Pair': 'Plantobelly-SMT100', 'Value': np.float64(nan)}","{'Tree': 1, 'Depth': 'Ballen', 'Pair': 'Plantobelly-SMT100', 'Value': np.float64(nan)}","{'Tree': 1, 'Depth': 'Ballen', 'Pair': 'Plantobelly-SMT100', 'Value': np.float64(nan)}","{'Tree': 1, 'Depth': 'Ballen', 'Pair': 'Plantobelly-SMT100', 'Value': np.float64(nan)}"
"{'Tree': 1, 'Depth': 'Ballen', 'Pair': 'Watermark-SMT100', 'Value': np.float64(0.472214652197591)}","{'Tree': 1, 'Depth': 'Ballen', 'Pair': 'Watermark-SMT100', 'Value': np.float64(1.482176370911038)}","{'Tree': 1, 'Depth': 'Ballen', 'Pair': 'Watermark-SMT100', 'Value': np.float64(-0.898062676974635)}","{'Tree': 1, 'Depth': 'Ballen', 'Pair': 'Watermark-SMT100', 'Value': np.float64(-0.6942051462397506)}","{'Tree': 1, 'Depth': 'Ballen', 'Pair': 'Watermark-SMT100', 'Value': np.float64(-0.8560455901539725)}"
"{'Tree': 1, 'Depth': 'Ballen', 'Pair': 'Tensiomark-SMT100', 'Value': nan}","{'Tree': 1, 'Depth': 'Ballen', 'Pair': 'Tensiomark-SMT100', 'Value': np.float64(nan)}","{'Tree': 1, 'Depth': 'Ballen', 'Pair': 'Tensiomark-SMT100', 'Value': np.float64(nan)}","{'Tree': 1, 'Depth': 'Ballen', 'Pair': 'Tensiomark-SMT100', 'Value': np.float64(nan)}","{'Tree': 1, 'Depth': 'Ballen', 'Pair': 'Tensiomark-SMT100', 'Value': np.float64(nan)}"
"{'Tree': 1, 'Depth': 'Ballen', 'Pair': 'Watermark-Plantobelly', 'Value': nan}","{'Tree': 1, 'Depth': 'Ballen', 'Pair': 'Watermark-Plantobelly', 'Value': np.float64(nan)}","{'Tree': 1, 'Depth': 'Ballen', 'Pair': 'Watermark-Plantobelly', 'Value': np.float64(nan)}","{'Tree': 1, 'Depth': 'Ballen', 'Pair': 'Watermark-Plantobelly', 'Value': np.float64(nan)}","{'Tree': 1, 'Depth': 'Ballen', 'Pair': 'Watermark-Plantobelly', 'Value': np.float64(nan)}"
"{'Tree': 1, 'Depth': 'Ballen', 'Pair': 'Tensiomark-Plantobelly', 'Value': nan}","{'Tree': 1, 'Depth': 'Ballen', 'Pair': 'Tensiomark-Plantobelly', 'Value': np.float64(nan)}","{'Tree': 1, 'Depth': 'Ballen', 'Pair': 'Tensiomark-Plantobelly', 'Value': np.float64(nan)}","{'Tree': 1, 'Depth': 'Ballen', 'Pair': 'Tensiomark-Plantobelly', 'Value': np.float64(nan)}","{'Tree': 1, 'Depth': 'Ballen', 'Pair': 'Tensiomark-Plantobelly', 'Value': np.float64(nan)}"
"{'Tree': 1, 'Depth': 'Ballen', 'Pair': 'Tensiomark-Watermark', 'Value': nan}","{'Tree': 1, 'Depth': 'Ballen', 'Pair': 'Tensiomark-Watermark', 'Value': np.float64(nan)}","{'Tree': 1, 'Depth': 'Ballen', 'Pair': 'Tensiomark-Watermark', 'Value': np.float64(nan)}","{'Tree': 1, 'Depth': 'Ballen', 'Pair': 'Tensiomark-Watermark', 'Value': np.float64(nan)}","{'Tree': 1, 'Depth': 'Ballen', 'Pair': 'Tensiomark-Watermark', 'Value': np.float64(nan)}"
"{'Tree': 1, 'Depth': '30', 'Pair': 'SMT100-Climavi', 'Value': np.float64(0.026648821740752428)}","{'Tree': 1, 'Depth': '30', 'Pair': 'SMT100-Climavi', 'Value': np.float64(0.8558303780543616)}","{'Tree': 1, 'Depth': '30', 'Pair': 'SMT100-Climavi', 'Value': np.float64(0.5172565746313202)}","{'Tree': 1, 'Depth': '30', 'Pair': 'SMT100-Climavi', 'Value': np.float64(0.44322522269931863)}","{'Tree': 1, 'Depth': '30', 'Pair': 'SMT100-Climavi', 'Value': np.float64(0.5953325096957242)}"
"{'Tree': 1, 'Depth': '30', 'Pair': 'Plantobelly-Climavi', 'Value': nan}","{'Tree': 1, 'Depth': '30', 'Pair': 'Plantobelly-Climavi', 'Value': np.float64(nan)}","{'Tree': 1, 'Depth': '30', 'Pair': 'Plantobelly-Climavi', 'Value': np.float64(nan)}","{'Tree': 1, 'Depth': '30', 'Pair': 'Plantobelly-Climavi', 'Value': np.float64(nan)}","{'Tree': 1, 'Depth': '30', 'Pair': 'Plantobelly-Climavi', 'Value': np.float64(nan)}"
"{'Tree': 1, 'Depth': '30', 'Pair': 'Watermark-Climavi', 'Value': np.float64(0.4310358195725694)}","{'Tree': 1, 'Depth': '30', 'Pair': 'Watermark-Climavi', 'Value': np.float64(1.0991256332480108)}","{'Tree': 1, 'Depth': '30', 'Pair': 'Watermark-Climavi', 'Value': np.float64(-0.6964875737569418)}","{'Tree': 1, 'Depth': '30', 'Pair': 'Watermark-Climavi', 'Value': np.float64(-0.5913663238837276)}","{'Tree': 1, 'Depth': '30', 'Pair': 'Watermark-Climavi', 'Value': np.float64(-0.7504539043705152)}"
"{'Tree': 1, 'Depth': '30', 'Pair': 'Tensiomark-Climavi', 'Value': nan}","{'Tree': 1, 'Depth': '30', 'Pair': 'Tensiomark-Climavi', 'Value': np.float64(nan)}","{'Tree': 1, 'Depth': '30', 'Pair': 'Tensiomark-Climavi', 'Value': np.float64(nan)}","{'Tree': 1, 'Depth': '30', 'Pair': 'Tensiomark-Climavi', 'Value': np.float64(nan)}","{'Tree': 1, 'Depth': '30', 'Pair': 'Tensiomark-Climavi', 'Value': np.float64(nan)}"
"{'Tree': 1, 'Depth': '30', 'Pair': 'Plantobelly-SMT100', 'Value': nan}","{'Tree': 1, 'Depth': '30', 'Pair': 'Plantobelly-SMT100', 'Value': np.float64(nan)}","{'Tree': 1, 'Depth': '30', 'Pair': 'Plantobelly-SMT100', 'Value': np.float64(nan)}","{'Tree': 1, 'Depth': '30', 'Pair': 'Plantobelly-SMT100', 'Value': np.float64(nan)}","{'Tree': 1, 'Depth': '30', 'Pair': 'Plantobelly-SMT100', 'Value': np.float64(nan)}"
"{'Tree': 1, 'Depth': '30', 'Pair': 'Watermark-SMT100', 'Value': np.float64(0.48689962683353616)}","{'Tree': 1, 'Depth': '30', 'Pair': 'Watermark-SMT100', 'Value': np.float64(1.2415763061230463)}","{'Tree': 1, 'Depth': '30', 'Pair': 'Watermark-SMT100', 'Value': np.float64(-0.6136128165680744)}","{'Tree': 1, 'Depth': '30', 'Pair': 'Watermark-SMT100', 'Value': np.float64(-0.39752662839879116)}","{'Tree': 1, 'Depth': '30', 'Pair': 'Watermark-SMT100', 'Value': np.float64(-0.5385788250040447)}"
"{'Tree': 1, 'Depth': '30', 'Pair': 'Tensiomark-SMT100', 'Value': nan}","{'Tree': 1, 'Depth': '30', 'Pair': 'Tensiomark-SMT100', 'Value': np.float64(nan)}","{'Tree': 1, 'Depth': '30', 'Pair': 'Tensiomark-SMT100', 'Value': np.float64(nan)}","{'Tree': 1, 'Depth': '30', 'Pair': 'Tensiomark-SMT100', 'Value': np.float64(nan)}","{'Tree': 1, 'Depth': '30', 'Pair': 'Tensiomark-SMT100', 'Value': np.float64(nan)}"
"{'Tree': 1, 'Depth': '30', 'Pair': 'Watermark-Plantobelly', 'Value': nan}","{'Tree': 1, 'Depth': '30', 'Pair': 'Watermark-Plantobelly', 'Value': np.float64(nan)}","{'Tree': 1, 'Depth': '30', 'Pair': 'Watermark-Plantobelly', 'Value': np.float64(nan)}","{'Tree': 1, 'Depth': '30', 'Pair': 'Watermark-Plantobelly', 'Value': np.float64(nan)}","{'Tree': 1, 'Depth': '30', 'Pair': 'Watermark-Plantobelly', 'Value': np.float64(nan)}"
"{'Tree': 1, 'Depth': '30', 'Pair': 'Tensiomark-Plantobelly', 'Value': nan}","{'Tree': 1, 'Depth': '30', 'Pair': 'Tensiomark-Plantobelly', 'Value': np.float64(nan)}","{'Tree': 1, 'Depth': '30', 'Pair': 'Tensiomark-Plantobelly', 'Value': np.float64(nan)}","{'Tree': 1, 'Depth': '30', 'Pair': 'Tensiomark-Plantobelly', 'Value': np.float64(nan)}","{'Tree': 1, 'Depth': '30', 'Pair': 'Tensiomark-Plantobelly', 'Value': np.float64(nan)}"
"{'Tree': 1, 'Depth': '30', 'Pair': 'Tensiomark-Watermark', 'Value': nan}","{'Tree': 1, 'Depth': '30', 'Pair': 'Tensiomark-Watermark', 'Value': np.float64(nan)}","{'Tree': 1, 'Depth': '30', 'Pair': 'Tensiomark-Watermark', 'Value': np.float64(nan)}","{'Tree': 1, 'Depth': '30', 'Pair': 'Tensiomark-Watermark', 'Value': np.float64(nan)}","{'Tree': 1, 'Depth': '30', 'Pair': 'Tensiomark-Watermark', 'Value': np.float64(nan)}"
"{'Tree': 1, 'Depth': '60', 'Pair': 'SMT100-Climavi', 'Value': np.float64(0.035262017736424955)}","{'Tree': 1, 'Depth': '60', 'Pair': 'SMT100-Climavi', 'Value': np.float64(0.9882879729125497)}","{'Tree': 1, 'Depth': '60', 'Pair': 'SMT100-Climavi', 'Value': np.float64(0.15260040169148414)}","{'Tree': 1, 'Depth': '60', 'Pair': 'SMT100-Climavi', 'Value': np.float64(0.10843422860735544)}","{'Tree': 1, 'Depth': '60', 'Pair': 'SMT100-Climavi', 'Value': np.float64(0.17275131193963117)}"
"{'Tree': 1, 'Depth': '60', 'Pair': 'Plantobelly-Climavi', 'Value': nan}","{'Tree': 1, 'Depth': '60', 'Pair': 'Plantobelly-Climavi', 'Value': np.float64(nan)}","{'Tree': 1, 'Depth': '60', 'Pair': 'Plantobelly-Climavi', 'Value': np.float64(nan)}","{'Tree': 1, 'Depth': '60', 'Pair': 'Plantobelly-Climavi', 'Value': np.float64(nan)}","{'Tree': 1, 'Depth': '60', 'Pair': 'Plantobelly-Climavi', 'Value': np.float64(nan)}"
"{'Tree': 1, 'Depth': '60', 'Pair': 'Watermark-Climavi', 'Value': np.float64(0.37147638100878705)}","{'Tree': 1, 'Depth': '60', 'Pair': 'Watermark-Climavi', 'Value': np.float64(0.9315717462642908)}","{'Tree': 1, 'Depth': '60', 'Pair': 'Watermark-Climavi', 'Value': np.float64(-0.32509122488151865)}","{'Tree': 1, 'Depth': '60', 'Pair': 'Watermark-Climavi', 'Value': np.float64(-0.3052083021123457)}","{'Tree': 1, 'Depth': '60', 'Pair': 'Watermark-Climavi', 'Value': np.float64(-0.4557344382652496)}"
"{'Tree': 1, 'Depth': '60', 'Pair': 'Tensiomark-Climavi', 'Value': nan}","{'Tree': 1, 'Depth': '60', 'Pair': 'Tensiomark-Climavi', 'Value': np.float64(nan)}","{'Tree': 1, 'Depth': '60', 'Pair': 'Tensiomark-Climavi', 'Value': np.float64(nan)}","{'Tree': 1, 'Depth': '60', 'Pair': 'Tensiomark-Climavi', 'Value': np.float64(nan)}","{'Tree': 1, 'Depth': '60', 'Pair': 'Tensiomark-Climavi', 'Value': np.float64(nan)}"
"{'Tree': 1, 'Depth': '60', 'Pair': 'Plantobelly-SMT100', 'Value': nan}","{'Tree': 1, 'Depth': '60', 'Pair': 'Plantobelly-SMT100', 'Value': np.float64(nan)}","{'Tree': 1, 'Depth': '60', 'Pair': 'Plantobelly-SMT100', 'Value': np.float64(nan)}","{'Tree': 1, 'Depth': '60', 'Pair': 'Plantobelly-SMT100', 'Value': np.float64(nan)}","{'Tree': 1, 'Depth': '60', 'Pair': 'Plantobelly-SMT100', 'Value': np.float64(nan)}"
"{'Tree': 1, 'Depth': '60', 'Pair': 'Watermark-SMT100', 'Value': np.float64(0.6911817599628575)}","{'Tree': 1, 'Depth': '60', 'Pair': 'Watermark-SMT100', 'Value': np.float64(1.7333145040502436)}","{'Tree': 1, 'Depth': '60', 'Pair': 'Watermark-SMT100', 'Value': np.float64(-0.3112019666100319)}","{'Tree': 1, 'Depth': '60', 'Pair': 'Watermark-SMT100', 'Value': np.float64(-0.2576742916108669)}","{'Tree': 1, 'Depth': '60', 'Pair': 'Watermark-SMT100', 'Value': np.float64(-0.3589476272435686)}"
"{'Tree': 1, 'Depth': '60', 'Pair': 'Tensiomark-SMT100', 'Value': nan}","{'Tree': 1, 'Depth': '60', 'Pair': 'Tensiomark-SMT100', 'Value': np.float64(nan)}","{'Tree': 1, 'Depth': '60', 'Pair': 'Tensiomark-SMT100', 'Value': np.float64(nan)}","{'Tree': 1, 'Depth': '60', 'Pair': 'Tensiomark-SMT100', 'Value': np.float64(nan)}","{'Tree': 1, 'Depth': '60', 'Pair': 'Tensiomark-SMT100', 'Value': np.float64(nan)}"
"{'Tree': 1, 'Depth': '60', 'Pair': 'Watermark-Plantobelly', 'Value': nan}","{'Tree': 1, 'Depth': '60', 'Pair': 'Watermark-Plantobelly', 'Value': np.float64(nan)}","{'Tree': 1, 'Depth': '60', 'Pair': 'Watermark-Plantobelly', 'Value': np.float64(nan)}","{'Tree': 1, 'Depth': '60', 'Pair': 'Watermark-Plantobelly', 'Value': np.float64(nan)}","{'Tree': 1, 'Depth': '60', 'Pair': 'Watermark-Plantobelly', 'Value': np.float64(nan)}"
"{'Tree': 1, 'Depth': '60', 'Pair': 'Tensiomark-Plantobelly', 'Value': nan}","{'Tree': 1, 'Depth': '60', 'Pair': 'Tensiomark-Plantobelly', 'Value': np.float64(nan)}","{'Tree': 1, 'Depth': '60', 'Pair': 'Tensiomark-Plantobelly', 'Value': np.float64(nan)}","{'Tree': 1, 'Depth': '60', 'Pair': 'Tensiomark-Plantobelly', 'Value': np.float64(nan)}","{'Tree': 1, 'Depth': '60', 'Pair': 'Tensiomark-Plantobelly', 'Value': np.float64(nan)}"
"{'Tree': 1, 'Depth': '60', 'Pair': 'Tensiomark-Watermark', 'Value': nan}","{'Tree': 1, 'Depth': '60', 'Pair': 'Tensiomark-Watermark', 'Value': np.float64(nan)}","{'Tree': 1, 'Depth': '60', 'Pair': 'Tensiomark-Watermark', 'Value': np.float64(nan)}","{'Tree': 1, 'Depth': '60', 'Pair': 'Tensiomark-Watermark', 'Value': np.float64(nan)}","{'Tree': 1, 'Depth': '60', 'Pair': 'Tensiomark-Watermark', 'Value': np.float64(nan)}"
"{'Tree': 2, 'Depth': 'Ballen', 'Pair': 'SMT100-Climavi', 'Value': np.float64(0.04299813410353791)}","{'Tree': 2, 'Depth': 'Ballen', 'Pair': 'SMT100-Climavi', 'Value': np.float64(0.9709657744150683)}","{'Tree': 2, 'Depth': 'Ballen', 'Pair': 'SMT100-Climavi', 'Value': np.float64(-0.2392184460164995)}","{'Tree': 2, 'Depth': 'Ballen', 'Pair': 'SMT100-Climavi', 'Value': np.float64(-0.18304484097515417)}","{'Tree': 2, 'Depth': 'Ballen', 'Pair': 'SMT100-Climavi', 'Value': np.float64(-0.2981767290792989)}"
"{'Tree': 2, 'Depth': 'Ballen', 'Pair': 'Plantobelly-Climavi', 'Value': np.float64(0.25660899586188085)}","{'Tree': 2, 'Depth': 'Ballen', 'Pair': 'Plantobelly-Climavi', 'Value': np.float64(0.9882584367193007)}","{'Tree': 2, 'Depth': 'Ballen', 'Pair': 'Plantobelly-Climavi', 'Value': np.float64(-0.15279156473157576)}","{'Tree': 2, 'Depth': 'Ballen', 'Pair': 'Plantobelly-Climavi', 'Value': np.float64(-0.029702862996111332)}","{'Tree': 2, 'Depth': 'Ballen', 'Pair': 'Plantobelly-Climavi', 'Value': np.float64(-0.025558500080630098)}"
"{'Tree': 2, 'Depth': 'Ballen', 'Pair': 'Watermark-Climavi', 'Value': np.float64(0.5416058160465752)}","{'Tree': 2, 'Depth': 'Ballen', 'Pair': 'Watermark-Climavi', 'Value': np.float64(2.0351345963947103)}","{'Tree': 2, 'Depth': 'Ballen', 'Pair': 'Watermark-Climavi', 'Value': np.float64(0.018569130211143477)}","{'Tree': 2, 'Depth': 'Ballen', 'Pair': 'Watermark-Climavi', 'Value': np.float64(0.0447360727109923)}","{'Tree': 2, 'Depth': 'Ballen', 'Pair': 'Watermark-Climavi', 'Value': np.float64(0.07428506274677682)}"
"{'Tree': 2, 'Depth': 'Ballen', 'Pair': 'Tensiomark-Climavi', 'Value': np.float64(0.7825512341752995)}","{'Tree': 2, 'Depth': 'Ballen', 'Pair': 'Tensiomark-Climavi', 'Value': np.float64(1.1838442373963305)}","{'Tree': 2, 'Depth': 'Ballen', 'Pair': 'Tensiomark-Climavi', 'Value': np.float64(0.4851275852006716)}","{'Tree': 2, 'Depth': 'Ballen', 'Pair': 'Tensiomark-Climavi', 'Value': np.float64(0.23482073489587602)}","{'Tree': 2, 'Depth': 'Ballen', 'Pair': 'Tensiomark-Climavi', 'Value': np.float64(0.3896575813995383)}"
"{'Tree': 2, 'Depth': 'Ballen', 'Pair': 'Plantobelly-SMT100', 'Value': np.float64(0.2281197312335016)}","{'Tree': 2, 'Depth': 'Ballen', 'Pair': 'Plantobelly-SMT100', 'Value': np.float64(0.8785399288768135)}","{'Tree': 2, 'Depth': 'Ballen', 'Pair': 'Plantobelly-SMT100', 'Value': np.float64(0.45061222118601285)}","{'Tree': 2, 'Depth': 'Ballen', 'Pair': 'Plantobelly-SMT100', 'Value': np.float64(0.31202770457479856)}","{'Tree': 2, 'Depth': 'Ballen', 'Pair': 'Plantobelly-SMT100', 'Value': np.float64(0.45655689922915116)}"
"{'Tree': 2, 'Depth': 'Ballen', 'Pair': 'Watermark-SMT100', 'Value': np.float64(0.3849732051776885)}","{'Tree': 2, 'Depth': 'Ballen', 'Pair': 'Watermark-SMT100', 'Value': np.float64(1.4465728862754654)}","{'Tree': 2, 'Depth': 'Ballen', 'Pair': 'Watermark-SMT100', 'Value': np.float64(-0.7122752816067031)}","{'Tree': 2, 'Depth': 'Ballen', 'Pair': 'Watermark-SMT100', 'Value': np.float64(-0.6087568191289817)}","{'Tree': 2, 'Depth': 'Ballen', 'Pair': 'Watermark-SMT100', 'Value': np.float64(-0.782162021834715)}"
"{'Tree': 2, 'Depth': 'Ballen', 'Pair': 'Tensiomark-SMT100', 'Value': np.float64(1.0973497108896262)}","{'Tree': 2, 'Depth': 'Ballen', 'Pair': 'Tensiomark-SMT100', 'Value': np.float64(1.660071666763487)}","{'Tree': 2, 'Depth': 'Ballen', 'Pair': 'Tensiomark-SMT100', 'Value': np.float64(-0.8394825261834807)}","{'Tree': 2, 'Depth': 'Ballen', 'Pair': 'Tensiomark-SMT100', 'Value': np.float64(-0.7720202472678321)}","{'Tree': 2, 'Depth': 'Ballen', 'Pair': 'Tensiomark-SMT100', 'Value': np.float64(-0.9079834443464123)}"
"{'Tree': 2, 'Depth': 'Ballen', 'Pair': 'Watermark-Plantobelly', 'Value': np.float64(7.405567414489959)}","{'Tree': 2, 'Depth': 'Ballen', 'Pair': 'Watermark-Plantobelly', 'Value': np.float64(27.827113381414996)}","{'Tree': 2, 'Depth': 'Ballen', 'Pair': 'Watermark-Plantobelly', 'Value': np.float64(-0.3382138650239966)}","{'Tree': 2, 'Depth': 'Ballen', 'Pair': 'Watermark-Plantobelly', 'Value': np.float64(-0.24003206357022772)}","{'Tree': 2, 'Depth': 'Ballen', 'Pair': 'Watermark-Plantobelly', 'Value': np.float64(-0.3568243063314356)}"
"{'Tree': 2, 'Depth': 'Ballen', 'Pair': 'Tensiomark-Plantobelly', 'Value': np.float64(7.6553136157266355)}","{'Tree': 2, 'Depth': 'Ballen', 'Pair': 'Tensiomark-Plantobelly', 'Value': np.float64(11.580965582388318)}","{'Tree': 2, 'Depth': 'Ballen', 'Pair': 'Tensiomark-Plantobelly', 'Value': np.float64(-0.3212265623720789)}","{'Tree': 2, 'Depth': 'Ballen', 'Pair': 'Tensiomark-Plantobelly', 'Value': np.float64(-0.22388991672748806)}","{'Tree': 2, 'Depth': 'Ballen', 'Pair': 'Tensiomark-Plantobelly', 'Value': np.float64(-0.3461445730897827)}"
"{'Tree': 2, 'Depth': 'Ballen', 'Pair': 'Tensiomark-Watermark', 'Value': np.float64(0.45972912770984437)}","{'Tree': 2, 'Depth': 'Ballen', 'Pair': 'Tensiomark-Watermark', 'Value': np.float64(0.6954786534534094)}","{'Tree': 2, 'Depth': 'Ballen', 'Pair': 'Tensiomark-Watermark', 'Value': np.float64(0.6857225321184698)}","{'Tree': 2, 'Depth': 'Ballen', 'Pair': 'Tensiomark-Watermark', 'Value': np.float64(0.5164109045631543)}","{'Tree': 2, 'Depth': 'Ballen', 'Pair': 'Tensiomark-Watermark', 'Value': np.float64(0.7001236914037585)}"
"{'Tree': 2, 'Depth': '30', 'Pair': 'SMT100-Climavi', 'Value': np.float64(0.02456998334008111)}","{'Tree': 2, 'Depth': '30', 'Pair': 'SMT100-Climavi', 'Value': np.float64(0.9978916695937647)}","{'Tree': 2, 'Depth': '30', 'Pair': 'SMT100-Climavi', 'Value': np.float64(-0.0649015851529742)}","{'Tree': 2, 'Depth': '30', 'Pair': 'SMT100-Climavi', 'Value': np.float64(-0.044781421579881846)}","{'Tree': 2, 'Depth': '30', 'Pair': 'SMT100-Climavi', 'Value': np.float64(-0.14305385446576924)}"
"{'Tree': 2, 'Depth': '30', 'Pair': 'Plantobelly-Climavi', 'Value': np.float64(0.024455379743423284)}","{'Tree': 2, 'Depth': '30', 'Pair': 'Plantobelly-Climavi', 'Value': np.float64(0.9174217487631561)}","{'Tree': 2, 'Depth': '30', 'Pair': 'Plantobelly-Climavi', 'Value': np.float64(-0.3979162410562498)}","{'Tree': 2, 'Depth': '30', 'Pair': 'Plantobelly-Climavi', 'Value': np.float64(-0.29186704959746534)}","{'Tree': 2, 'Depth': '30', 'Pair': 'Plantobelly-Climavi', 'Value': np.float64(-0.42357628694489313)}"
"{'Tree': 2, 'Depth': '30', 'Pair': 'Watermark-Climavi', 'Value': np.float64(0.2632239636693906)}","{'Tree': 2, 'Depth': '30', 'Pair': 'Watermark-Climavi', 'Value': np.float64(0.9025200963298092)}","{'Tree': 2, 'Depth': '30', 'Pair': 'Watermark-Climavi', 'Value': np.float64(-0.5832161421048562)}","{'Tree': 2, 'Depth': '30', 'Pair': 'Watermark-Climavi', 'Value': np.float64(-0.4258357278296191)}","{'Tree': 2, 'Depth': '30', 'Pair': 'Watermark-Climavi', 'Value': np.float64(-0.5981488440998302)}"
"{'Tree': 2, 'Depth': '30', 'Pair': 'Tensiomark-Climavi', 'Value': np.float64(0.47068575324484174)}","{'Tree': 2, 'Depth': '30', 'Pair': 'Tensiomark-Climavi', 'Value': np.float64(1.8274336688942079)}","{'Tree': 2, 'Depth': '30', 'Pair': 'Tensiomark-Climavi', 'Value': np.float64(0.30516326759726947)}","{'Tree': 2, 'Depth': '30', 'Pair': 'Tensiomark-Climavi', 'Value': np.float64(0.15838519004967067)}","{'Tree': 2, 'Depth': '30', 'Pair': 'Tensiomark-Climavi', 'Value': np.float64(0.2780150262491655)}"
"{'Tree': 2, 'Depth': '30', 'Pair': 'Plantobelly-SMT100', 'Value': np.float64(0.02639584303538721)}","{'Tree': 2, 'Depth': '30', 'Pair': 'Plantobelly-SMT100', 'Value': np.float64(0.9902164976242122)}","{'Tree': 2, 'Depth': '30', 'Pair': 'Plantobelly-SMT100', 'Value': np.float64(-0.04731290129258632)}","{'Tree': 2, 'Depth': '30', 'Pair': 'Plantobelly-SMT100', 'Value': np.float64(-0.03451859536680181)}","{'Tree': 2, 'Depth': '30', 'Pair': 'Plantobelly-SMT100', 'Value': np.float64(-0.05195162617951993)}"
"{'Tree': 2, 'Depth': '30', 'Pair': 'Watermark-SMT100', 'Value': np.float64(0.4042691615645721)}","{'Tree': 2, 'Depth': '30', 'Pair': 'Watermark-SMT100', 'Value': np.float64(1.3861239590506829)}","{'Tree': 2, 'Depth': '30', 'Pair': 'Watermark-SMT100', 'Value': np.float64(-0.28620250329900454)}","{'Tree': 2, 'Depth': '30', 'Pair': 'Watermark-SMT100', 'Value': np.float64(-0.21800698882301064)}","{'Tree': 2, 'Depth': '30', 'Pair': 'Watermark-SMT100', 'Value': np.float64(-0.2952525304715558)}"
"{'Tree': 2, 'Depth': '30', 'Pair': 'Tensiomark-SMT100', 'Value': np.float64(0.7411527599515683)}","{'Tree': 2, 'Depth': '30', 'Pair': 'Tensiomark-SMT100', 'Value': np.float64(2.8775196572070993)}","{'Tree': 2, 'Depth': '30', 'Pair': 'Tensiomark-SMT100', 'Value': np.float64(-0.3055694311072622)}","{'Tree': 2, 'Depth': '30', 'Pair': 'Tensiomark-SMT100', 'Value': np.float64(-0.2848250328319544)}","{'Tree': 2, 'Depth': '30', 'Pair': 'Tensiomark-SMT100', 'Value': np.float64(-0.32453903643087856)}"
"{'Tree': 2, 'Depth': '30', 'Pair': 'Watermark-Plantobelly', 'Value': nan}","{'Tree': 2, 'Depth': '30', 'Pair': 'Watermark-Plantobelly', 'Value': np.float64(nan)}","{'Tree': 2, 'Depth': '30', 'Pair': 'Watermark-Plantobelly', 'Value': np.float64(0.04798983162393652)}","{'Tree': 2, 'Depth': '30', 'Pair': 'Watermark-Plantobelly', 'Value': np.float64(0.015912161650229628)}","{'Tree': 2, 'Depth': '30', 'Pair': 'Watermark-Plantobelly', 'Value': np.float64(0.01694824069722542)}"
"{'Tree': 2, 'Depth': '30', 'Pair': 'Tensiomark-Plantobelly', 'Value': nan}","{'Tree': 2, 'Depth': '30', 'Pair': 'Tensiomark-Plantobelly', 'Value': np.float64(nan)}","{'Tree': 2, 'Depth': '30', 'Pair': 'Tensiomark-Plantobelly', 'Value': np.float64(-0.42598490851522886)}","{'Tree': 2, 'Depth': '30', 'Pair': 'Tensiomark-Plantobelly', 'Value': np.float64(-0.26680330970295885)}","{'Tree': 2, 'Depth': '30', 'Pair': 'Tensiomark-Plantobelly', 'Value': np.float64(-0.35874844746727536)}"
"{'Tree': 2, 'Depth': '30', 'Pair': 'Tensiomark-Watermark', 'Value': np.float64(0.2564608975171797)}","{'Tree': 2, 'Depth': '30', 'Pair': 'Tensiomark-Watermark', 'Value': np.float64(0.9957073815105052)}","{'Tree': 2, 'Depth': '30', 'Pair': 'Tensiomark-Watermark', 'Value': np.float64(-0.09560953535291855)}","{'Tree': 2, 'Depth': '30', 'Pair': 'Tensiomark-Watermark', 'Value': np.float64(-0.07484708741848599)}","{'Tree': 2, 'Depth': '30', 'Pair': 'Tensiomark-Watermark', 'Value': np.float64(-0.11228511365925851)}"
"{'Tree': 2, 'Depth': '60', 'Pair': 'SMT100-Climavi', 'Value': np.float64(0.022590701735447416)}","{'Tree': 2, 'Depth': '60', 'Pair': 'SMT100-Climavi', 'Value': np.float64(0.8782987352337882)}","{'Tree': 2, 'Depth': '60', 'Pair': 'SMT100-Climavi', 'Value': np.float64(-0.47811225845687766)}","{'Tree': 2, 'Depth': '60', 'Pair': 'SMT100-Climavi', 'Value': np.float64(-0.3860005344124773)}","{'Tree': 2, 'Depth': '60', 'Pair': 'SMT100-Climavi', 'Value': np.float64(-0.5044503134230802)}"
"{'Tree': 2, 'Depth': '60', 'Pair': 'Plantobelly-Climavi', 'Value': np.float64(0.03357555309537433)}","{'Tree': 2, 'Depth': '60', 'Pair': 'Plantobelly-Climavi', 'Value': np.float64(0.9496925838587538)}","{'Tree': 2, 'Depth': '60', 'Pair': 'Plantobelly-Climavi', 'Value': np.float64(-0.31318364606677307)}","{'Tree': 2, 'Depth': '60', 'Pair': 'Plantobelly-Climavi', 'Value': np.float64(-0.1923781478971957)}","{'Tree': 2, 'Depth': '60', 'Pair': 'Plantobelly-Climavi', 'Value': np.float64(-0.31948630745306256)}"
"{'Tree': 2, 'Depth': '60', 'Pair': 'Watermark-Climavi', 'Value': np.float64(0.48925403243136656)}","{'Tree': 2, 'Depth': '60', 'Pair': 'Watermark-Climavi', 'Value': np.float64(1.2697957488345883)}","{'Tree': 2, 'Depth': '60', 'Pair': 'Watermark-Climavi', 'Value': np.float64(-0.3298322583865008)}","{'Tree': 2, 'Depth': '60', 'Pair': 'Watermark-Climavi', 'Value': np.float64(-0.18034587070437172)}","{'Tree': 2, 'Depth': '60', 'Pair': 'Watermark-Climavi', 'Value': np.float64(-0.260079930775354)}"
"{'Tree': 2, 'Depth': '60', 'Pair': 'Tensiomark-Climavi', 'Value': np.float64(0.504758302906418)}","{'Tree': 2, 'Depth': '60', 'Pair': 'Tensiomark-Climavi', 'Value': np.float64(2.168678317822507)}","{'Tree': 2, 'Depth': '60', 'Pair': 'Tensiomark-Climavi', 'Value': np.float64(0.22896757238375867)}","{'Tree': 2, 'Depth': '60', 'Pair': 'Tensiomark-Climavi', 'Value': np.float64(0.17281672691764566)}","{'Tree': 2, 'Depth': '60', 'Pair': 'Tensiomark-Climavi', 'Value': np.float64(0.3312614273075366)}"
"{'Tree': 2, 'Depth': '60', 'Pair': 'Plantobelly-SMT100', 'Value': np.float64(0.034568671275696794)}","{'Tree': 2, 'Depth': '60', 'Pair': 'Plantobelly-SMT100', 'Value': np.float64(0.9777831701275318)}","{'Tree': 2, 'Depth': '60', 'Pair': 'Plantobelly-SMT100', 'Value': np.float64(0.23509348967505989)}","{'Tree': 2, 'Depth': '60', 'Pair': 'Plantobelly-SMT100', 'Value': np.float64(0.07615545406515198)}","{'Tree': 2, 'Depth': '60', 'Pair': 'Plantobelly-SMT100', 'Value': np.float64(0.1390239711714318)}"
"{'Tree': 2, 'Depth': '60', 'Pair': 'Watermark-SMT100', 'Value': np.float64(0.47183564222541496)}","{'Tree': 2, 'Depth': '60', 'Pair': 'Watermark-SMT100', 'Value': np.float64(1.224588563264458)}","{'Tree': 2, 'Depth': '60', 'Pair': 'Watermark-SMT100', 'Value': np.float64(-0.14040820609021806)}","{'Tree': 2, 'Depth': '60', 'Pair': 'Watermark-SMT100', 'Value': np.float64(-0.11612411247669978)}","{'Tree': 2, 'Depth': '60', 'Pair': 'Watermark-SMT100', 'Value': np.float64(-0.16773841537398773)}"
"{'Tree': 2, 'Depth': '60', 'Pair': 'Tensiomark-SMT100', 'Value': np.float64(0.9578476256358224)}","{'Tree': 2, 'Depth': '60', 'Pair': 'Tensiomark-SMT100', 'Value': np.float64(4.115362472560062)}","{'Tree': 2, 'Depth': '60', 'Pair': 'Tensiomark-SMT100', 'Value': np.float64(-0.5154665180484267)}","{'Tree': 2, 'Depth': '60', 'Pair': 'Tensiomark-SMT100', 'Value': np.float64(-0.4167812931003158)}","{'Tree': 2, 'Depth': '60', 'Pair': 'Tensiomark-SMT100', 'Value': np.float64(-0.5870116412534593)}"
"{'Tree': 2, 'Depth': '60', 'Pair': 'Watermark-Plantobelly', 'Value': nan}","{'Tree': 2, 'Depth': '60', 'Pair': 'Watermark-Plantobelly', 'Value': np.float64(nan)}","{'Tree': 2, 'Depth': '60', 'Pair': 'Watermark-Plantobelly', 'Value': np.float64(0.3049045459072898)}","{'Tree': 2, 'Depth': '60', 'Pair': 'Watermark-Plantobelly', 'Value': np.float64(0.19539691417555874)}","{'Tree': 2, 'Depth': '60', 'Pair': 'Watermark-Plantobelly', 'Value': np.float64(0.2902163345852349)}"
"{'Tree': 2, 'Depth': '60', 'Pair': 'Tensiomark-Plantobelly', 'Value': nan}","{'Tree': 2, 'Depth': '60', 'Pair': 'Tensiomark-Plantobelly', 'Value': np.float64(nan)}","{'Tree': 2, 'Depth': '60', 'Pair': 'Tensiomark-Plantobelly', 'Value': np.float64(-0.35275995105530944)}","{'Tree': 2, 'Depth': '60', 'Pair': 'Tensiomark-Plantobelly', 'Value': np.float64(-0.284948646040041)}","{'Tree': 2, 'Depth': '60', 'Pair': 'Tensiomark-Plantobelly', 'Value': np.float64(-0.3673005224607101)}"
"{'Tree': 2, 'Depth': '60', 'Pair': 'Tensiomark-Watermark', 'Value': np.float64(0.23249868619363767)}","{'Tree': 2, 'Depth': '60', 'Pair': 'Tensiomark-Watermark', 'Value': np.float64(0.9989233594912102)}","{'Tree': 2, 'Depth': '60', 'Pair': 'Tensiomark-Watermark', 'Value': np.float64(0.054041970751447406)}","{'Tree': 2, 'Depth': '60', 'Pair': 'Tensiomark-Watermark', 'Value': np.float64(0.13514125396484414)}","{'Tree': 2, 'Depth': '60', 'Pair': 'Tensiomark-Watermark', 'Value': np.float64(0.17598484911173595)}"
"{'Tree': 3, 'Depth': 'Ballen', 'Pair': 'SMT100-Climavi', 'Value': np.float64(0.04477275670552053)}","{'Tree': 3, 'Depth': 'Ballen', 'Pair': 'SMT100-Climavi', 'Value': np.float64(0.9886484310435686)}","{'Tree': 3, 'Depth': 'Ballen', 'Pair': 'SMT100-Climavi', 'Value': np.float64(0.15024739530218334)}","{'Tree': 3, 'Depth': 'Ballen', 'Pair': 'SMT100-Climavi', 'Value': np.float64(-0.07090413212032907)}","{'Tree': 3, 'Depth': 'Ballen', 'Pair': 'SMT100-Climavi', 'Value': np.float64(-0.10053651749316334)}"
"{'Tree': 3, 'Depth': 'Ballen', 'Pair': 'Plantobelly-Climavi', 'Value': np.float64(0.027249060348576153)}","{'Tree': 3, 'Depth': 'Ballen', 'Pair': 'Plantobelly-Climavi', 'Value': np.float64(0.9479432587040385)}","{'Tree': 3, 'Depth': 'Ballen', 'Pair': 'Plantobelly-Climavi', 'Value': np.float64(0.31843928507262836)}","{'Tree': 3, 'Depth': 'Ballen', 'Pair': 'Plantobelly-Climavi', 'Value': np.float64(0.05744034456044183)}","{'Tree': 3, 'Depth': 'Ballen', 'Pair': 'Plantobelly-Climavi', 'Value': np.float64(0.10564427050521068)}"
"{'Tree': 3, 'Depth': 'Ballen', 'Pair': 'Watermark-Climavi', 'Value': np.float64(0.5386599584793745)}","{'Tree': 3, 'Depth': 'Ballen', 'Pair': 'Watermark-Climavi', 'Value': np.float64(1.998036174411122)}","{'Tree': 3, 'Depth': 'Ballen', 'Pair': 'Watermark-Climavi', 'Value': np.float64(-0.46134902450500637)}","{'Tree': 3, 'Depth': 'Ballen', 'Pair': 'Watermark-Climavi', 'Value': np.float64(-0.1691659300503304)}","{'Tree': 3, 'Depth': 'Ballen', 'Pair': 'Watermark-Climavi', 'Value': np.float64(-0.2234112067209825)}"
"{'Tree': 3, 'Depth': 'Ballen', 'Pair': 'Tensiomark-Climavi', 'Value': np.float64(0.4556295682699725)}","{'Tree': 3, 'Depth': 'Ballen', 'Pair': 'Tensiomark-Climavi', 'Value': np.float64(0.9189584732305122)}","{'Tree': 3, 'Depth': 'Ballen', 'Pair': 'Tensiomark-Climavi', 'Value': np.float64(-0.5295066602259649)}","{'Tree': 3, 'Depth': 'Ballen', 'Pair': 'Tensiomark-Climavi', 'Value': np.float64(-0.20068852605009585)}","{'Tree': 3, 'Depth': 'Ballen', 'Pair': 'Tensiomark-Climavi', 'Value': np.float64(-0.2793567010716528)}"
"{'Tree': 3, 'Depth': 'Ballen', 'Pair': 'Plantobelly-SMT100', 'Value': np.float64(0.024356705125160073)}","{'Tree': 3, 'Depth': 'Ballen', 'Pair': 'Plantobelly-SMT100', 'Value': np.float64(0.8473236923505164)}","{'Tree': 3, 'Depth': 'Ballen', 'Pair': 'Plantobelly-SMT100', 'Value': np.float64(0.6037967945436814)}","{'Tree': 3, 'Depth': 'Ballen', 'Pair': 'Plantobelly-SMT100', 'Value': np.float64(0.3482612131702381)}","{'Tree': 3, 'Depth': 'Ballen', 'Pair': 'Plantobelly-SMT100', 'Value': np.float64(0.48577058616437424)}"
"{'Tree': 3, 'Depth': 'Ballen', 'Pair': 'Watermark-SMT100', 'Value': np.float64(0.42707169907206916)}","{'Tree': 3, 'Depth': 'Ballen', 'Pair': 'Watermark-SMT100', 'Value': np.float64(1.5841249945922762)}","{'Tree': 3, 'Depth': 'Ballen', 'Pair': 'Watermark-SMT100', 'Value': np.float64(-0.8991401489873302)}","{'Tree': 3, 'Depth': 'Ballen', 'Pair': 'Watermark-SMT100', 'Value': np.float64(-0.6590889475333276)}","{'Tree': 3, 'Depth': 'Ballen', 'Pair': 'Watermark-SMT100', 'Value': np.float64(-0.8163846475397778)}"
"{'Tree': 3, 'Depth': 'Ballen', 'Pair': 'Tensiomark-SMT100', 'Value': np.float64(1.0162702370208911)}","{'Tree': 3, 'Depth': 'Ballen', 'Pair': 'Tensiomark-SMT100', 'Value': np.float64(2.0497136499467974)}","{'Tree': 3, 'Depth': 'Ballen', 'Pair': 'Tensiomark-SMT100', 'Value': np.float64(-0.8867270849743122)}","{'Tree': 3, 'Depth': 'Ballen', 'Pair': 'Tensiomark-SMT100', 'Value': np.float64(-0.7897493169497444)}","{'Tree': 3, 'Depth': 'Ballen', 'Pair': 'Tensiomark-SMT100', 'Value': np.float64(-0.9266869459025101)}"
"{'Tree': 3, 'Depth': 'Ballen', 'Pair': 'Watermark-Plantobelly', 'Value': nan}","{'Tree': 3, 'Depth': 'Ballen', 'Pair': 'Watermark-Plantobelly', 'Value': np.float64(nan)}","{'Tree': 3, 'Depth': 'Ballen', 'Pair': 'Watermark-Plantobelly', 'Value': np.float64(-0.5465470556688763)}","{'Tree': 3, 'Depth': 'Ballen', 'Pair': 'Watermark-Plantobelly', 'Value': np.float64(-0.3047270456535028)}","{'Tree': 3, 'Depth': 'Ballen', 'Pair': 'Watermark-Plantobelly', 'Value': np.float64(-0.43428294593873457)}"
"{'Tree': 3, 'Depth': 'Ballen', 'Pair': 'Tensiomark-Plantobelly', 'Value': nan}","{'Tree': 3, 'Depth': 'Ballen', 'Pair': 'Tensiomark-Plantobelly', 'Value': np.float64(nan)}","{'Tree': 3, 'Depth': 'Ballen', 'Pair': 'Tensiomark-Plantobelly', 'Value': np.float64(-0.5951889325408498)}","{'Tree': 3, 'Depth': 'Ballen', 'Pair': 'Tensiomark-Plantobelly', 'Value': np.float64(-0.38090010703954047)}","{'Tree': 3, 'Depth': 'Ballen', 'Pair': 'Tensiomark-Plantobelly', 'Value': np.float64(-0.5322615523454713)}"
"{'Tree': 3, 'Depth': 'Ballen', 'Pair': 'Tensiomark-Watermark', 'Value': np.float64(0.23487922192761082)}","{'Tree': 3, 'Depth': 'Ballen', 'Pair': 'Tensiomark-Watermark', 'Value': np.float64(0.4737274887486549)}","{'Tree': 3, 'Depth': 'Ballen', 'Pair': 'Tensiomark-Watermark', 'Value': np.float64(0.84804053605189)}","{'Tree': 3, 'Depth': 'Ballen', 'Pair': 'Tensiomark-Watermark', 'Value': np.float64(0.6604225933391079)}","{'Tree': 3, 'Depth': 'Ballen', 'Pair': 'Tensiomark-Watermark', 'Value': np.float64(0.8249024450235548)}"
"{'Tree': 3, 'Depth': '30', 'Pair': 'SMT100-Climavi', 'Value': np.float64(0.05233380259820718)}","{'Tree': 3, 'Depth': '30', 'Pair': 'SMT100-Climavi', 'Value': np.float64(0.9638419583907962)}","{'Tree': 3, 'Depth': '30', 'Pair': 'SMT100-Climavi', 'Value': np.float64(0.26647453770556967)}","{'Tree': 3, 'Depth': '30', 'Pair': 'SMT100-Climavi', 'Value': np.float64(-0.10015614013484424)}","{'Tree': 3, 'Depth': '30', 'Pair': 'SMT100-Climavi', 'Value': np.float64(-0.11667192512715684)}"
"{'Tree': 3, 'Depth': '30', 'Pair': 'Plantobelly-Climavi', 'Value': np.float64(0.04643169429863305)}","{'Tree': 3, 'Depth': '30', 'Pair': 'Plantobelly-Climavi', 'Value': np.float64(0.9076638887947561)}","{'Tree': 3, 'Depth': '30', 'Pair': 'Plantobelly-Climavi', 'Value': np.float64(0.4196978257961007)}","{'Tree': 3, 'Depth': '30', 'Pair': 'Plantobelly-Climavi', 'Value': np.float64(0.16483798682078382)}","{'Tree': 3, 'Depth': '30', 'Pair': 'Plantobelly-Climavi', 'Value': np.float64(0.24987421426578507)}"
"{'Tree': 3, 'Depth': '30', 'Pair': 'Watermark-Climavi', 'Value': np.float64(0.3325512358219374)}","{'Tree': 3, 'Depth': '30', 'Pair': 'Watermark-Climavi', 'Value': np.float64(1.7938518736979943)}","{'Tree': 3, 'Depth': '30', 'Pair': 'Watermark-Climavi', 'Value': np.float64(-0.5911788458041302)}","{'Tree': 3, 'Depth': '30', 'Pair': 'Watermark-Climavi', 'Value': np.float64(-0.21070147099335101)}","{'Tree': 3, 'Depth': '30', 'Pair': 'Watermark-Climavi', 'Value': np.float64(-0.2697624847407582)}"
"{'Tree': 3, 'Depth': '30', 'Pair': 'Tensiomark-Climavi', 'Value': np.float64(0.6286912978203234)}","{'Tree': 3, 'Depth': '30', 'Pair': 'Tensiomark-Climavi', 'Value': np.float64(1.3053318461464054)}","{'Tree': 3, 'Depth': '30', 'Pair': 'Tensiomark-Climavi', 'Value': np.float64(-0.5795963717757323)}","{'Tree': 3, 'Depth': '30', 'Pair': 'Tensiomark-Climavi', 'Value': np.float64(-0.28869407096161936)}","{'Tree': 3, 'Depth': '30', 'Pair': 'Tensiomark-Climavi', 'Value': np.float64(-0.40504056053429666)}"
"{'Tree': 3, 'Depth': '30', 'Pair': 'Plantobelly-SMT100', 'Value': np.float64(0.03765660016476839)}","{'Tree': 3, 'Depth': '30', 'Pair': 'Plantobelly-SMT100', 'Value': np.float64(0.7361251115350572)}","{'Tree': 3, 'Depth': '30', 'Pair': 'Plantobelly-SMT100', 'Value': np.float64(0.6496492016630465)}","{'Tree': 3, 'Depth': '30', 'Pair': 'Plantobelly-SMT100', 'Value': np.float64(0.46191980175322084)}","{'Tree': 3, 'Depth': '30', 'Pair': 'Plantobelly-SMT100', 'Value': np.float64(0.6119566448209435)}"
"{'Tree': 3, 'Depth': '30', 'Pair': 'Watermark-SMT100', 'Value': np.float64(0.17454028326606977)}","{'Tree': 3, 'Depth': '30', 'Pair': 'Watermark-SMT100', 'Value': np.float64(0.9415072940527731)}","{'Tree': 3, 'Depth': '30', 'Pair': 'Watermark-SMT100', 'Value': np.float64(-0.42125789350742043)}","{'Tree': 3, 'Depth': '30', 'Pair': 'Watermark-SMT100', 'Value': np.float64(-0.45574941225865345)}","{'Tree': 3, 'Depth': '30', 'Pair': 'Watermark-SMT100', 'Value': np.float64(-0.6406577837643656)}"
"{'Tree': 3, 'Depth': '30', 'Pair': 'Tensiomark-SMT100', 'Value': np.float64(0.9535854182666101)}","{'Tree': 3, 'Depth': '30', 'Pair': 'Tensiomark-SMT100', 'Value': np.float64(1.9798992268539208)}","{'Tree': 3, 'Depth': '30', 'Pair': 'Tensiomark-SMT100', 'Value': np.float64(-0.8180948217854536)}","{'Tree': 3, 'Depth': '30', 'Pair': 'Tensiomark-SMT100', 'Value': np.float64(-0.6507717535592183)}","{'Tree': 3, 'Depth': '30', 'Pair': 'Tensiomark-SMT100', 'Value': np.float64(-0.8150170209452794)}"
"{'Tree': 3, 'Depth': '30', 'Pair': 'Watermark-Plantobelly', 'Value': nan}","{'Tree': 3, 'Depth': '30', 'Pair': 'Watermark-Plantobelly', 'Value': np.float64(nan)}","{'Tree': 3, 'Depth': '30', 'Pair': 'Watermark-Plantobelly', 'Value': np.float64(-0.3740317581057685)}","{'Tree': 3, 'Depth': '30', 'Pair': 'Watermark-Plantobelly', 'Value': np.float64(-0.3450294724410044)}","{'Tree': 3, 'Depth': '30', 'Pair': 'Watermark-Plantobelly', 'Value': np.float64(-0.47312441922760246)}"
"{'Tree': 3, 'Depth': '30', 'Pair': 'Tensiomark-Plantobelly', 'Value': nan}","{'Tree': 3, 'Depth': '30', 'Pair': 'Tensiomark-Plantobelly', 'Value': np.float64(nan)}","{'Tree': 3, 'Depth': '30', 'Pair': 'Tensiomark-Plantobelly', 'Value': np.float64(-0.5304804306242338)}","{'Tree': 3, 'Depth': '30', 'Pair': 'Tensiomark-Plantobelly', 'Value': np.float64(-0.3948620049452269)}","{'Tree': 3, 'Depth': '30', 'Pair': 'Tensiomark-Plantobelly', 'Value': np.float64(-0.5622964053011691)}"
"{'Tree': 3, 'Depth': '30', 'Pair': 'Tensiomark-Watermark', 'Value': np.float64(0.3803877507278165)}","{'Tree': 3, 'Depth': '30', 'Pair': 'Tensiomark-Watermark', 'Value': np.float64(0.7897870491137697)}","{'Tree': 3, 'Depth': '30', 'Pair': 'Tensiomark-Watermark', 'Value': np.float64(0.706718923005266)}","{'Tree': 3, 'Depth': '30', 'Pair': 'Tensiomark-Watermark', 'Value': np.float64(0.4094433825921966)}","{'Tree': 3, 'Depth': '30', 'Pair': 'Tensiomark-Watermark', 'Value': np.float64(0.5394173131487452)}"
"{'Tree': 3, 'Depth': '60', 'Pair': 'SMT100-Climavi', 'Value': np.float64(0.018683509724433)}","{'Tree': 3, 'Depth': '60', 'Pair': 'SMT100-Climavi', 'Value': np.float64(0.9773850020202104)}","{'Tree': 3, 'Depth': '60', 'Pair': 'SMT100-Climavi', 'Value': np.float64(-0.21146762831683763)}","{'Tree': 3, 'Depth': '60', 'Pair': 'SMT100-Climavi', 'Value': np.float64(-0.23542452057201482)}","{'Tree': 3, 'Depth': '60', 'Pair': 'SMT100-Climavi', 'Value': np.float64(-0.3726819110033238)}"
"{'Tree': 3, 'Depth': '60', 'Pair': 'Plantobelly-Climavi', 'Value': np.float64(0.023837733088895235)}","{'Tree': 3, 'Depth': '60', 'Pair': 'Plantobelly-Climavi', 'Value': np.float64(0.9006309847583559)}","{'Tree': 3, 'Depth': '60', 'Pair': 'Plantobelly-Climavi', 'Value': np.float64(-0.4345846629751099)}","{'Tree': 3, 'Depth': '60', 'Pair': 'Plantobelly-Climavi', 'Value': np.float64(-0.26126183061684305)}","{'Tree': 3, 'Depth': '60', 'Pair': 'Plantobelly-Climavi', 'Value': np.float64(-0.37273468412519273)}"
"{'Tree': 3, 'Depth': '60', 'Pair': 'Watermark-Climavi', 'Value': np.float64(0.4196649893592246)}","{'Tree': 3, 'Depth': '60', 'Pair': 'Watermark-Climavi', 'Value': np.float64(1.3893911982054274)}","{'Tree': 3, 'Depth': '60', 'Pair': 'Watermark-Climavi', 'Value': np.float64(-0.527370082196787)}","{'Tree': 3, 'Depth': '60', 'Pair': 'Watermark-Climavi', 'Value': np.float64(-0.2614216615323044)}","{'Tree': 3, 'Depth': '60', 'Pair': 'Watermark-Climavi', 'Value': np.float64(-0.3811496670810673)}"
"{'Tree': 3, 'Depth': '60', 'Pair': 'Tensiomark-Climavi', 'Value': np.float64(0.19477186538692534)}","{'Tree': 3, 'Depth': '60', 'Pair': 'Tensiomark-Climavi', 'Value': np.float64(1.0146320074925375)}","{'Tree': 3, 'Depth': '60', 'Pair': 'Tensiomark-Climavi', 'Value': np.float64(-0.010518628763660883)}","{'Tree': 3, 'Depth': '60', 'Pair': 'Tensiomark-Climavi', 'Value': np.float64(0.0732032978118411)}","{'Tree': 3, 'Depth': '60', 'Pair': 'Tensiomark-Climavi', 'Value': np.float64(0.14630079207629598)}"
"{'Tree': 3, 'Depth': '60', 'Pair': 'Plantobelly-SMT100', 'Value': np.float64(0.026388120886621163)}","{'Tree': 3, 'Depth': '60', 'Pair': 'Plantobelly-SMT100', 'Value': np.float64(0.9969890681891849)}","{'Tree': 3, 'Depth': '60', 'Pair': 'Plantobelly-SMT100', 'Value': np.float64(0.05949859661688347)}","{'Tree': 3, 'Depth': '60', 'Pair': 'Plantobelly-SMT100', 'Value': np.float64(0.06789491896722182)}","{'Tree': 3, 'Depth': '60', 'Pair': 'Plantobelly-SMT100', 'Value': np.float64(0.07804920540891382)}"
"{'Tree': 3, 'Depth': '60', 'Pair': 'Watermark-SMT100', 'Value': np.float64(0.47955796900883724)}","{'Tree': 3, 'Depth': '60', 'Pair': 'Watermark-SMT100', 'Value': np.float64(1.5876797876027156)}","{'Tree': 3, 'Depth': '60', 'Pair': 'Watermark-SMT100', 'Value': np.float64(-0.46388012528543743)}","{'Tree': 3, 'Depth': '60', 'Pair': 'Watermark-SMT100', 'Value': np.float64(-0.2979709766914622)}","{'Tree': 3, 'Depth': '60', 'Pair': 'Watermark-SMT100', 'Value': np.float64(-0.4148381940551369)}"
"{'Tree': 3, 'Depth': '60', 'Pair': 'Tensiomark-SMT100', 'Value': np.float64(0.7831817738518397)}","{'Tree': 3, 'Depth': '60', 'Pair': 'Tensiomark-SMT100', 'Value': np.float64(4.079856676713851)}","{'Tree': 3, 'Depth': '60', 'Pair': 'Tensiomark-SMT100', 'Value': np.float64(-0.8579332999325177)}","{'Tree': 3, 'Depth': '60', 'Pair': 'Tensiomark-SMT100', 'Value': np.float64(-0.6719803908664024)}","{'Tree': 3, 'Depth': '60', 'Pair': 'Tensiomark-SMT100', 'Value': np.float64(-0.8368509392977332)}"
"{'Tree': 3, 'Depth': '60', 'Pair': 'Watermark-Plantobelly', 'Value': nan}","{'Tree': 3, 'Depth': '60', 'Pair': 'Watermark-Plantobelly', 'Value': np.float64(nan)}","{'Tree': 3, 'Depth': '60', 'Pair': 'Watermark-Plantobelly', 'Value': np.float64(0.014854604508952795)}","{'Tree': 3, 'Depth': '60', 'Pair': 'Watermark-Plantobelly', 'Value': np.float64(0.05540531894989079)}","{'Tree': 3, 'Depth': '60', 'Pair': 'Watermark-Plantobelly', 'Value': np.float64(0.06873795389787885)}"
"{'Tree': 3, 'Depth': '60', 'Pair': 'Tensiomark-Plantobelly', 'Value': nan}","{'Tree': 3, 'Depth': '60', 'Pair': 'Tensiomark-Plantobelly', 'Value': np.float64(nan)}","{'Tree': 3, 'Depth': '60', 'Pair': 'Tensiomark-Plantobelly', 'Value': np.float64(0.040012989976292296)}","{'Tree': 3, 'Depth': '60', 'Pair': 'Tensiomark-Plantobelly', 'Value': np.float64(0.0018004994526699901)}","{'Tree': 3, 'Depth': '60', 'Pair': 'Tensiomark-Plantobelly', 'Value': np.float64(0.0024781306117783795)}"
"{'Tree': 3, 'Depth': '60', 'Pair': 'Tensiomark-Watermark', 'Value': np.float64(0.16609302099342912)}","{'Tree': 3, 'Depth': '60', 'Pair': 'Tensiomark-Watermark', 'Value': np.float64(0.8652342831254508)}","{'Tree': 3, 'Depth': '60', 'Pair': 'Tensiomark-Watermark', 'Value': np.float64(0.5791402096975377)}","{'Tree': 3, 'Depth': '60', 'Pair': 'Tensiomark-Watermark', 'Value': np.float64(0.4382493445192204)}","{'Tree': 3, 'Depth': '60', 'Pair': 'Tensiomark-Watermark', 'Value': np.float64(0.5874064348683045)}"
"{'Tree': 4, 'Depth': 'Ballen', 'Pair': 'SMT100-Climavi', 'Value': np.float64(0.04218707270246199)}","{'Tree': 4, 'Depth': 'Ballen', 'Pair': 'SMT100-Climavi', 'Value': np.float64(0.9612562168285225)}","{'Tree': 4, 'Depth': 'Ballen', 'Pair': 'SMT100-Climavi', 'Value': np.float64(0.27565646302690267)}","{'Tree': 4, 'Depth': 'Ballen', 'Pair': 'SMT100-Climavi', 'Value': np.float64(0.04424585408062307)}","{'Tree': 4, 'Depth': 'Ballen', 'Pair': 'SMT100-Climavi', 'Value': np.float64(0.08776359904181694)}"
"{'Tree': 4, 'Depth': 'Ballen', 'Pair': 'Plantobelly-Climavi', 'Value': nan}","{'Tree': 4, 'Depth': 'Ballen', 'Pair': 'Plantobelly-Climavi', 'Value': np.float64(nan)}","{'Tree': 4, 'Depth': 'Ballen', 'Pair': 'Plantobelly-Climavi', 'Value': np.float64(nan)}","{'Tree': 4, 'Depth': 'Ballen', 'Pair': 'Plantobelly-Climavi', 'Value': np.float64(nan)}","{'Tree': 4, 'Depth': 'Ballen', 'Pair': 'Plantobelly-Climavi', 'Value': np.float64(nan)}"
"{'Tree': 4, 'Depth': 'Ballen', 'Pair': 'Watermark-Climavi', 'Value': np.float64(0.7783480235486894)}","{'Tree': 4, 'Depth': 'Ballen', 'Pair': 'Watermark-Climavi', 'Value': np.float64(2.2452836370244524)}","{'Tree': 4, 'Depth': 'Ballen', 'Pair': 'Watermark-Climavi', 'Value': np.float64(-0.35755866372794987)}","{'Tree': 4, 'Depth': 'Ballen', 'Pair': 'Watermark-Climavi', 'Value': np.float64(-0.1670789306982078)}","{'Tree': 4, 'Depth': 'Ballen', 'Pair': 'Watermark-Climavi', 'Value': np.float64(-0.2429181232825151)}"
"{'Tree': 4, 'Depth': 'Ballen', 'Pair': 'Tensiomark-Climavi', 'Value': nan}","{'Tree': 4, 'Depth': 'Ballen', 'Pair': 'Tensiomark-Climavi', 'Value': np.float64(nan)}","{'Tree': 4, 'Depth': 'Ballen', 'Pair': 'Tensiomark-Climavi', 'Value': np.float64(nan)}","{'Tree': 4, 'Depth': 'Ballen', 'Pair': 'Tensiomark-Climavi', 'Value': np.float64(nan)}","{'Tree': 4, 'Depth': 'Ballen', 'Pair': 'Tensiomark-Climavi', 'Value': np.float64(nan)}"
"{'Tree': 4, 'Depth': 'Ballen', 'Pair': 'Plantobelly-SMT100', 'Value': nan}","{'Tree': 4, 'Depth': 'Ballen', 'Pair': 'Plantobelly-SMT100', 'Value': np.float64(nan)}","{'Tree': 4, 'Depth': 'Ballen', 'Pair': 'Plantobelly-SMT100', 'Value': np.float64(nan)}","{'Tree': 4, 'Depth': 'Ballen', 'Pair': 'Plantobelly-SMT100', 'Value': np.float64(nan)}","{'Tree': 4, 'Depth': 'Ballen', 'Pair': 'Plantobelly-SMT100', 'Value': np.float64(nan)}"
"{'Tree': 4, 'Depth': 'Ballen', 'Pair': 'Watermark-SMT100', 'Value': np.float64(0.27509843069788553)}","{'Tree': 4, 'Depth': 'Ballen', 'Pair': 'Watermark-SMT100', 'Value': np.float64(0.7935704676179848)}","{'Tree': 4, 'Depth': 'Ballen', 'Pair': 'Watermark-SMT100', 'Value': np.float64(-0.6936037131494134)}","{'Tree': 4, 'Depth': 'Ballen', 'Pair': 'Watermark-SMT100', 'Value': np.float64(-0.5615833699195273)}","{'Tree': 4, 'Depth': 'Ballen', 'Pair': 'Watermark-SMT100', 'Value': np.float64(-0.7107698550907517)}"
"{'Tree': 4, 'Depth': 'Ballen', 'Pair': 'Tensiomark-SMT100', 'Value': nan}","{'Tree': 4, 'Depth': 'Ballen', 'Pair': 'Tensiomark-SMT100', 'Value': np.float64(nan)}","{'Tree': 4, 'Depth': 'Ballen', 'Pair': 'Tensiomark-SMT100', 'Value': np.float64(nan)}","{'Tree': 4, 'Depth': 'Ballen', 'Pair': 'Tensiomark-SMT100', 'Value': np.float64(nan)}","{'Tree': 4, 'Depth': 'Ballen', 'Pair': 'Tensiomark-SMT100', 'Value': np.float64(nan)}"
"{'Tree': 4, 'Depth': 'Ballen', 'Pair': 'Watermark-Plantobelly', 'Value': nan}","{'Tree': 4, 'Depth': 'Ballen', 'Pair': 'Watermark-Plantobelly', 'Value': np.float64(nan)}","{'Tree': 4, 'Depth': 'Ballen', 'Pair': 'Watermark-Plantobelly', 'Value': np.float64(nan)}","{'Tree': 4, 'Depth': 'Ballen', 'Pair': 'Watermark-Plantobelly', 'Value': np.float64(nan)}","{'Tree': 4, 'Depth': 'Ballen', 'Pair': 'Watermark-Plantobelly', 'Value': np.float64(nan)}"
"{'Tree': 4, 'Depth': 'Ballen', 'Pair': 'Tensiomark-Plantobelly', 'Value': nan}","{'Tree': 4, 'Depth': 'Ballen', 'Pair': 'Tensiomark-Plantobelly', 'Value': np.float64(nan)}","{'Tree': 4, 'Depth': 'Ballen', 'Pair': 'Tensiomark-Plantobelly', 'Value': np.float64(nan)}","{'Tree': 4, 'Depth': 'Ballen', 'Pair': 'Tensiomark-Plantobelly', 'Value': np.float64(nan)}","{'Tree': 4, 'Depth': 'Ballen', 'Pair': 'Tensiomark-Plantobelly', 'Value': np.float64(nan)}"
"{'Tree': 4, 'Depth': 'Ballen', 'Pair': 'Tensiomark-Watermark', 'Value': nan}","{'Tree': 4, 'Depth': 'Ballen', 'Pair': 'Tensiomark-Watermark', 'Value': np.float64(nan)}","{'Tree': 4, 'Depth': 'Ballen', 'Pair': 'Tensiomark-Watermark', 'Value': np.float64(nan)}","{'Tree': 4, 'Depth': 'Ballen', 'Pair': 'Tensiomark-Watermark', 'Value': np.float64(nan)}","{'Tree': 4, 'Depth': 'Ballen', 'Pair': 'Tensiomark-Watermark', 'Value': np.float64(nan)}"
"{'Tree': 4, 'Depth': '30', 'Pair': 'SMT100-Climavi', 'Value': np.float64(0.029673639348606853)}","{'Tree': 4, 'Depth': '30', 'Pair': 'SMT100-Climavi', 'Value': np.float64(0.9868096448367297)}","{'Tree': 4, 'Depth': '30', 'Pair': 'SMT100-Climavi', 'Value': np.float64(0.16188491238289116)}","{'Tree': 4, 'Depth': '30', 'Pair': 'SMT100-Climavi', 'Value': np.float64(-0.055975021929837665)}","{'Tree': 4, 'Depth': '30', 'Pair': 'SMT100-Climavi', 'Value': np.float64(-0.03057943172234392)}"
"{'Tree': 4, 'Depth': '30', 'Pair': 'Plantobelly-Climavi', 'Value': nan}","{'Tree': 4, 'Depth': '30', 'Pair': 'Plantobelly-Climavi', 'Value': np.float64(nan)}","{'Tree': 4, 'Depth': '30', 'Pair': 'Plantobelly-Climavi', 'Value': np.float64(nan)}","{'Tree': 4, 'Depth': '30', 'Pair': 'Plantobelly-Climavi', 'Value': np.float64(nan)}","{'Tree': 4, 'Depth': '30', 'Pair': 'Plantobelly-Climavi', 'Value': np.float64(nan)}"
"{'Tree': 4, 'Depth': '30', 'Pair': 'Watermark-Climavi', 'Value': np.float64(0.5279355536225819)}","{'Tree': 4, 'Depth': '30', 'Pair': 'Watermark-Climavi', 'Value': np.float64(1.3445001803321224)}","{'Tree': 4, 'Depth': '30', 'Pair': 'Watermark-Climavi', 'Value': np.float64(-0.5282131667049137)}","{'Tree': 4, 'Depth': '30', 'Pair': 'Watermark-Climavi', 'Value': np.float64(-0.3603926349282206)}","{'Tree': 4, 'Depth': '30', 'Pair': 'Watermark-Climavi', 'Value': np.float64(-0.49767068059251696)}"
"{'Tree': 4, 'Depth': '30', 'Pair': 'Tensiomark-Climavi', 'Value': nan}","{'Tree': 4, 'Depth': '30', 'Pair': 'Tensiomark-Climavi', 'Value': np.float64(nan)}","{'Tree': 4, 'Depth': '30', 'Pair': 'Tensiomark-Climavi', 'Value': np.float64(nan)}","{'Tree': 4, 'Depth': '30', 'Pair': 'Tensiomark-Climavi', 'Value': np.float64(nan)}","{'Tree': 4, 'Depth': '30', 'Pair': 'Tensiomark-Climavi', 'Value': np.float64(nan)}"
"{'Tree': 4, 'Depth': '30', 'Pair': 'Plantobelly-SMT100', 'Value': nan}","{'Tree': 4, 'Depth': '30', 'Pair': 'Plantobelly-SMT100', 'Value': np.float64(nan)}","{'Tree': 4, 'Depth': '30', 'Pair': 'Plantobelly-SMT100', 'Value': np.float64(nan)}","{'Tree': 4, 'Depth': '30', 'Pair': 'Plantobelly-SMT100', 'Value': np.float64(nan)}","{'Tree': 4, 'Depth': '30', 'Pair': 'Plantobelly-SMT100', 'Value': np.float64(nan)}"
"{'Tree': 4, 'Depth': '30', 'Pair': 'Watermark-SMT100', 'Value': np.float64(0.4143937331894734)}","{'Tree': 4, 'Depth': '30', 'Pair': 'Watermark-SMT100', 'Value': np.float64(1.0553417840088366)}","{'Tree': 4, 'Depth': '30', 'Pair': 'Watermark-SMT100', 'Value': np.float64(-0.42535796985046653)}","{'Tree': 4, 'Depth': '30', 'Pair': 'Watermark-SMT100', 'Value': np.float64(-0.16314963866277177)}","{'Tree': 4, 'Depth': '30', 'Pair': 'Watermark-SMT100', 'Value': np.float64(-0.2678997932727285)}"
"{'Tree': 4, 'Depth': '30', 'Pair': 'Tensiomark-SMT100', 'Value': nan}","{'Tree': 4, 'Depth': '30', 'Pair': 'Tensiomark-SMT100', 'Value': np.float64(nan)}","{'Tree': 4, 'Depth': '30', 'Pair': 'Tensiomark-SMT100', 'Value': np.float64(nan)}","{'Tree': 4, 'Depth': '30', 'Pair': 'Tensiomark-SMT100', 'Value': np.float64(nan)}","{'Tree': 4, 'Depth': '30', 'Pair': 'Tensiomark-SMT100', 'Value': np.float64(nan)}"
"{'Tree': 4, 'Depth': '30', 'Pair': 'Watermark-Plantobelly', 'Value': nan}","{'Tree': 4, 'Depth': '30', 'Pair': 'Watermark-Plantobelly', 'Value': np.float64(nan)}","{'Tree': 4, 'Depth': '30', 'Pair': 'Watermark-Plantobelly', 'Value': np.float64(nan)}","{'Tree': 4, 'Depth': '30', 'Pair': 'Watermark-Plantobelly', 'Value': np.float64(nan)}","{'Tree': 4, 'Depth': '30', 'Pair': 'Watermark-Plantobelly', 'Value': np.float64(nan)}"
"{'Tree': 4, 'Depth': '30', 'Pair': 'Tensiomark-Plantobelly', 'Value': nan}","{'Tree': 4, 'Depth': '30', 'Pair': 'Tensiomark-Plantobelly', 'Value': np.float64(nan)}","{'Tree': 4, 'Depth': '30', 'Pair': 'Tensiomark-Plantobelly', 'Value': np.float64(nan)}","{'Tree': 4, 'Depth': '30', 'Pair': 'Tensiomark-Plantobelly', 'Value': np.float64(nan)}","{'Tree': 4, 'Depth': '30', 'Pair': 'Tensiomark-Plantobelly', 'Value': np.float64(nan)}"
"{'Tree': 4, 'Depth': '30', 'Pair': 'Tensiomark-Watermark', 'Value': nan}","{'Tree': 4, 'Depth': '30', 'Pair': 'Tensiomark-Watermark', 'Value': np.float64(nan)}","{'Tree': 4, 'Depth': '30', 'Pair': 'Tensiomark-Watermark', 'Value': np.float64(nan)}","{'Tree': 4, 'Depth': '30', 'Pair': 'Tensiomark-Watermark', 'Value': np.float64(nan)}","{'Tree': 4, 'Depth': '30', 'Pair': 'Tensiomark-Watermark', 'Value': np.float64(nan)}"
"{'Tree': 4, 'Depth': '60', 'Pair': 'SMT100-Climavi', 'Value': np.float64(0.02048201701126947)}","{'Tree': 4, 'Depth': '60', 'Pair': 'SMT100-Climavi', 'Value': np.float64(0.9972047868712509)}","{'Tree': 4, 'Depth': '60', 'Pair': 'SMT100-Climavi', 'Value': np.float64(-0.07471688591651325)}","{'Tree': 4, 'Depth': '60', 'Pair': 'SMT100-Climavi', 'Value': np.float64(-0.13863985226554715)}","{'Tree': 4, 'Depth': '60', 'Pair': 'SMT100-Climavi', 'Value': np.float64(-0.21876067120671716)}"
"{'Tree': 4, 'Depth': '60', 'Pair': 'Plantobelly-Climavi', 'Value': nan}","{'Tree': 4, 'Depth': '60', 'Pair': 'Plantobelly-Climavi', 'Value': np.float64(nan)}","{'Tree': 4, 'Depth': '60', 'Pair': 'Plantobelly-Climavi', 'Value': np.float64(nan)}","{'Tree': 4, 'Depth': '60', 'Pair': 'Plantobelly-Climavi', 'Value': np.float64(nan)}","{'Tree': 4, 'Depth': '60', 'Pair': 'Plantobelly-Climavi', 'Value': np.float64(nan)}"
"{'Tree': 4, 'Depth': '60', 'Pair': 'Watermark-Climavi', 'Value': np.float64(0.641304070632804)}","{'Tree': 4, 'Depth': '60', 'Pair': 'Watermark-Climavi', 'Value': np.float64(1.829791195182123)}","{'Tree': 4, 'Depth': '60', 'Pair': 'Watermark-Climavi', 'Value': np.float64(-0.4386483298714012)}","{'Tree': 4, 'Depth': '60', 'Pair': 'Watermark-Climavi', 'Value': np.float64(-0.2653052771490105)}","{'Tree': 4, 'Depth': '60', 'Pair': 'Watermark-Climavi', 'Value': np.float64(-0.4158642481709587)}"
"{'Tree': 4, 'Depth': '60', 'Pair': 'Tensiomark-Climavi', 'Value': nan}","{'Tree': 4, 'Depth': '60', 'Pair': 'Tensiomark-Climavi', 'Value': np.float64(nan)}","{'Tree': 4, 'Depth': '60', 'Pair': 'Tensiomark-Climavi', 'Value': np.float64(nan)}","{'Tree': 4, 'Depth': '60', 'Pair': 'Tensiomark-Climavi', 'Value': np.float64(nan)}","{'Tree': 4, 'Depth': '60', 'Pair': 'Tensiomark-Climavi', 'Value': np.float64(nan)}"
"{'Tree': 4, 'Depth': '60', 'Pair': 'Plantobelly-SMT100', 'Value': nan}","{'Tree': 4, 'Depth': '60', 'Pair': 'Plantobelly-SMT100', 'Value': np.float64(nan)}","{'Tree': 4, 'Depth': '60', 'Pair': 'Plantobelly-SMT100', 'Value': np.float64(nan)}","{'Tree': 4, 'Depth': '60', 'Pair': 'Plantobelly-SMT100', 'Value': np.float64(nan)}","{'Tree': 4, 'Depth': '60', 'Pair': 'Plantobelly-SMT100', 'Value': np.float64(nan)}"
"{'Tree': 4, 'Depth': '60', 'Pair': 'Watermark-SMT100', 'Value': np.float64(0.3905685531862509)}","{'Tree': 4, 'Depth': '60', 'Pair': 'Watermark-SMT100', 'Value': np.float64(1.1143838507527888)}","{'Tree': 4, 'Depth': '60', 'Pair': 'Watermark-SMT100', 'Value': np.float64(-0.11156786908797901)}","{'Tree': 4, 'Depth': '60', 'Pair': 'Watermark-SMT100', 'Value': np.float64(-0.0870336598282934)}","{'Tree': 4, 'Depth': '60', 'Pair': 'Watermark-SMT100', 'Value': np.float64(-0.11441836670764767)}"
"{'Tree': 4, 'Depth': '60', 'Pair': 'Tensiomark-SMT100', 'Value': nan}","{'Tree': 4, 'Depth': '60', 'Pair': 'Tensiomark-SMT100', 'Value': np.float64(nan)}","{'Tree': 4, 'Depth': '60', 'Pair': 'Tensiomark-SMT100', 'Value': np.float64(nan)}","{'Tree': 4, 'Depth': '60', 'Pair': 'Tensiomark-SMT100', 'Value': np.float64(nan)}","{'Tree': 4, 'Depth': '60', 'Pair': 'Tensiomark-SMT100', 'Value': np.float64(nan)}"
"{'Tree': 4, 'Depth': '60', 'Pair': 'Watermark-Plantobelly', 'Value': nan}","{'Tree': 4, 'Depth': '60', 'Pair': 'Watermark-Plantobelly', 'Value': np.float64(nan)}","{'Tree': 4, 'Depth': '60', 'Pair': 'Watermark-Plantobelly', 'Value': np.float64(nan)}","{'Tree': 4, 'Depth': '60', 'Pair': 'Watermark-Plantobelly', 'Value': np.float64(nan)}","{'Tree': 4, 'Depth': '60', 'Pair': 'Watermark-Plantobelly', 'Value': np.float64(nan)}"
"{'Tree': 4, 'Depth': '60', 'Pair': 'Tensiomark-Plantobelly', 'Value': nan}","{'Tree': 4, 'Depth': '60', 'Pair': 'Tensiomark-Plantobelly', 'Value': np.float64(nan)}","{'Tree': 4, 'Depth': '60', 'Pair': 'Tensiomark-Plantobelly', 'Value': np.float64(nan)}","{'Tree': 4, 'Depth': '60', 'Pair': 'Tensiomark-Plantobelly', 'Value': np.float64(nan)}","{'Tree': 4, 'Depth': '60', 'Pair': 'Tensiomark-Plantobelly', 'Value': np.float64(nan)}"
"{'Tree': 4, 'Depth': '60', 'Pair': 'Tensiomark-Watermark', 'Value': nan}","{'Tree': 4, 'Depth': '60', 'Pair': 'Tensiomark-Watermark', 'Value': np.float64(nan)}","{'Tree': 4, 'Depth': '60', 'Pair': 'Tensiomark-Watermark', 'Value': np.float64(nan)}","{'Tree': 4, 'Depth': '60', 'Pair': 'Tensiomark-Watermark', 'Value': np.float64(nan)}","{'Tree': 4, 'Depth': '60', 'Pair': 'Tensiomark-Watermark', 'Value': np.float64(nan)}"
"{'Tree': 5, 'Depth': 'Ballen', 'Pair': 'SMT100-Climavi', 'Value': np.float64(0.05974213362979626)}","{'Tree': 5, 'Depth': 'Ballen', 'Pair': 'SMT100-Climavi', 'Value': np.float64(0.9582514014187699)}","{'Tree': 5, 'Depth': 'Ballen', 'Pair': 'SMT100-Climavi', 'Value': np.float64(0.28592700410937244)}","{'Tree': 5, 'Depth': 'Ballen', 'Pair': 'SMT100-Climavi', 'Value': np.float64(-0.1396972533766706)}","{'Tree': 5, 'Depth': 'Ballen', 'Pair': 'SMT100-Climavi', 'Value': np.float64(-0.2284335282499749)}"
"{'Tree': 5, 'Depth': 'Ballen', 'Pair': 'Plantobelly-Climavi', 'Value': np.float64(0.3005768250356672)}","{'Tree': 5, 'Depth': 'Ballen', 'Pair': 'Plantobelly-Climavi', 'Value': np.float64(0.9420466522783146)}","{'Tree': 5, 'Depth': 'Ballen', 'Pair': 'Plantobelly-Climavi', 'Value': np.float64(-0.3354818995582621)}","{'Tree': 5, 'Depth': 'Ballen', 'Pair': 'Plantobelly-Climavi', 'Value': np.float64(-0.2559795571413217)}","{'Tree': 5, 'Depth': 'Ballen', 'Pair': 'Plantobelly-Climavi', 'Value': np.float64(-0.2679089957538518)}"
"{'Tree': 5, 'Depth': 'Ballen', 'Pair': 'Watermark-Climavi', 'Value': np.float64(0.7660310909896287)}","{'Tree': 5, 'Depth': 'Ballen', 'Pair': 'Watermark-Climavi', 'Value': np.float64(2.947224324096342)}","{'Tree': 5, 'Depth': 'Ballen', 'Pair': 'Watermark-Climavi', 'Value': np.float64(-0.6617989829860476)}","{'Tree': 5, 'Depth': 'Ballen', 'Pair': 'Watermark-Climavi', 'Value': np.float64(-0.25313351524359906)}","{'Tree': 5, 'Depth': 'Ballen', 'Pair': 'Watermark-Climavi', 'Value': np.float64(-0.3346238635056916)}"
"{'Tree': 5, 'Depth': 'Ballen', 'Pair': 'Tensiomark-Climavi', 'Value': np.float64(0.5963390520708278)}","{'Tree': 5, 'Depth': 'Ballen', 'Pair': 'Tensiomark-Climavi', 'Value': np.float64(0.9706228619185042)}","{'Tree': 5, 'Depth': 'Ballen', 'Pair': 'Tensiomark-Climavi', 'Value': np.float64(-0.4429220907931224)}","{'Tree': 5, 'Depth': 'Ballen', 'Pair': 'Tensiomark-Climavi', 'Value': np.float64(-0.16528835898806166)}","{'Tree': 5, 'Depth': 'Ballen', 'Pair': 'Tensiomark-Climavi', 'Value': np.float64(-0.22153595782563937)}"
"{'Tree': 5, 'Depth': 'Ballen', 'Pair': 'Plantobelly-SMT100', 'Value': np.float64(0.30508290383861975)}","{'Tree': 5, 'Depth': 'Ballen', 'Pair': 'Plantobelly-SMT100', 'Value': np.float64(0.9561692861530986)}","{'Tree': 5, 'Depth': 'Ballen', 'Pair': 'Plantobelly-SMT100', 'Value': np.float64(0.3636362503605019)}","{'Tree': 5, 'Depth': 'Ballen', 'Pair': 'Plantobelly-SMT100', 'Value': np.float64(0.1191052082351891)}","{'Tree': 5, 'Depth': 'Ballen', 'Pair': 'Plantobelly-SMT100', 'Value': np.float64(0.1678718834869493)}"
"{'Tree': 5, 'Depth': 'Ballen', 'Pair': 'Watermark-SMT100', 'Value': np.float64(0.22577020825532684)}","{'Tree': 5, 'Depth': 'Ballen', 'Pair': 'Watermark-SMT100', 'Value': np.float64(0.8686272101133358)}","{'Tree': 5, 'Depth': 'Ballen', 'Pair': 'Watermark-SMT100', 'Value': np.float64(-0.7122357820687333)}","{'Tree': 5, 'Depth': 'Ballen', 'Pair': 'Watermark-SMT100', 'Value': np.float64(-0.49929834956066405)}","{'Tree': 5, 'Depth': 'Ballen', 'Pair': 'Watermark-SMT100', 'Value': np.float64(-0.6126514031331276)}"
"{'Tree': 5, 'Depth': 'Ballen', 'Pair': 'Tensiomark-SMT100', 'Value': np.float64(0.7343974761607737)}","{'Tree': 5, 'Depth': 'Ballen', 'Pair': 'Tensiomark-SMT100', 'Value': np.float64(1.1953317120882332)}","{'Tree': 5, 'Depth': 'Ballen', 'Pair': 'Tensiomark-SMT100', 'Value': np.float64(-0.894114716818805)}","{'Tree': 5, 'Depth': 'Ballen', 'Pair': 'Tensiomark-SMT100', 'Value': np.float64(-0.7485464184331994)}","{'Tree': 5, 'Depth': 'Ballen', 'Pair': 'Tensiomark-SMT100', 'Value': np.float64(-0.8958593687249391)}"
"{'Tree': 5, 'Depth': 'Ballen', 'Pair': 'Watermark-Plantobelly', 'Value': np.float64(7.239890242781891)}","{'Tree': 5, 'Depth': 'Ballen', 'Pair': 'Watermark-Plantobelly', 'Value': np.float64(27.854718794440487)}","{'Tree': 5, 'Depth': 'Ballen', 'Pair': 'Watermark-Plantobelly', 'Value': np.float64(-0.12166060984042766)}","{'Tree': 5, 'Depth': 'Ballen', 'Pair': 'Watermark-Plantobelly', 'Value': np.float64(0.10637391920088232)}","{'Tree': 5, 'Depth': 'Ballen', 'Pair': 'Watermark-Plantobelly', 'Value': np.float64(0.10908189558393783)}"
"{'Tree': 5, 'Depth': 'Ballen', 'Pair': 'Tensiomark-Plantobelly', 'Value': np.float64(7.624167928118702)}","{'Tree': 5, 'Depth': 'Ballen', 'Pair': 'Tensiomark-Plantobelly', 'Value': np.float64(12.40936958336064)}","{'Tree': 5, 'Depth': 'Ballen', 'Pair': 'Tensiomark-Plantobelly', 'Value': np.float64(-0.4367458305267075)}","{'Tree': 5, 'Depth': 'Ballen', 'Pair': 'Tensiomark-Plantobelly', 'Value': np.float64(-0.06601135211404188)}","{'Tree': 5, 'Depth': 'Ballen', 'Pair': 'Tensiomark-Plantobelly', 'Value': np.float64(-0.10714597088194983)}"
"{'Tree': 5, 'Depth': 'Ballen', 'Pair': 'Tensiomark-Watermark', 'Value': np.float64(0.31824823889261794)}","{'Tree': 5, 'Depth': 'Ballen', 'Pair': 'Tensiomark-Watermark', 'Value': np.float64(0.5179922652420696)}","{'Tree': 5, 'Depth': 'Ballen', 'Pair': 'Tensiomark-Watermark', 'Value': np.float64(0.7962774036499267)}","{'Tree': 5, 'Depth': 'Ballen', 'Pair': 'Tensiomark-Watermark', 'Value': np.float64(0.7241937396416931)}","{'Tree': 5, 'Depth': 'Ballen', 'Pair': 'Tensiomark-Watermark', 'Value': np.float64(0.8781499711302165)}"
"{'Tree': 5, 'Depth': '30', 'Pair': 'SMT100-Climavi', 'Value': np.float64(0.02236399695818031)}","{'Tree': 5, 'Depth': '30', 'Pair': 'SMT100-Climavi', 'Value': np.float64(0.7778614768759049)}","{'Tree': 5, 'Depth': '30', 'Pair': 'SMT100-Climavi', 'Value': np.float64(0.6284357745962893)}","{'Tree': 5, 'Depth': '30', 'Pair': 'SMT100-Climavi', 'Value': np.float64(0.28820326824437476)}","{'Tree': 5, 'Depth': '30', 'Pair': 'SMT100-Climavi', 'Value': np.float64(0.4071516429785121)}"
"{'Tree': 5, 'Depth': '30', 'Pair': 'Plantobelly-Climavi', 'Value': np.float64(0.03965432173085117)}","{'Tree': 5, 'Depth': '30', 'Pair': 'Plantobelly-Climavi', 'Value': np.float64(0.9489666724931788)}","{'Tree': 5, 'Depth': '30', 'Pair': 'Plantobelly-Climavi', 'Value': np.float64(0.315376369592313)}","{'Tree': 5, 'Depth': '30', 'Pair': 'Plantobelly-Climavi', 'Value': np.float64(0.12228267948587249)}","{'Tree': 5, 'Depth': '30', 'Pair': 'Plantobelly-Climavi', 'Value': np.float64(0.16449883211884608)}"
"{'Tree': 5, 'Depth': '30', 'Pair': 'Watermark-Climavi', 'Value': np.float64(0.5147846073270338)}","{'Tree': 5, 'Depth': '30', 'Pair': 'Watermark-Climavi', 'Value': np.float64(1.4607370072052497)}","{'Tree': 5, 'Depth': '30', 'Pair': 'Watermark-Climavi', 'Value': np.float64(-0.43017152736679565)}","{'Tree': 5, 'Depth': '30', 'Pair': 'Watermark-Climavi', 'Value': np.float64(-0.33323019129020454)}","{'Tree': 5, 'Depth': '30', 'Pair': 'Watermark-Climavi', 'Value': np.float64(-0.4360517144808065)}"
"{'Tree': 5, 'Depth': '30', 'Pair': 'Tensiomark-Climavi', 'Value': np.float64(0.5161169249007064)}","{'Tree': 5, 'Depth': '30', 'Pair': 'Tensiomark-Climavi', 'Value': np.float64(1.0286486669416155)}","{'Tree': 5, 'Depth': '30', 'Pair': 'Tensiomark-Climavi', 'Value': np.float64(-0.3119478142705902)}","{'Tree': 5, 'Depth': '30', 'Pair': 'Tensiomark-Climavi', 'Value': np.float64(-0.17883953211643142)}","{'Tree': 5, 'Depth': '30', 'Pair': 'Tensiomark-Climavi', 'Value': np.float64(-0.2576656599272117)}"
"{'Tree': 5, 'Depth': '30', 'Pair': 'Plantobelly-SMT100', 'Value': np.float64(0.039788352747970296)}","{'Tree': 5, 'Depth': '30', 'Pair': 'Plantobelly-SMT100', 'Value': np.float64(0.9521741657190044)}","{'Tree': 5, 'Depth': '30', 'Pair': 'Plantobelly-SMT100', 'Value': np.float64(0.34986064713845655)}","{'Tree': 5, 'Depth': '30', 'Pair': 'Plantobelly-SMT100', 'Value': np.float64(0.1721441318359751)}","{'Tree': 5, 'Depth': '30', 'Pair': 'Plantobelly-SMT100', 'Value': np.float64(0.27843678445554526)}"
"{'Tree': 5, 'Depth': '30', 'Pair': 'Watermark-SMT100', 'Value': np.float64(0.345974108475024)}","{'Tree': 5, 'Depth': '30', 'Pair': 'Watermark-SMT100', 'Value': np.float64(0.9817255150817933)}","{'Tree': 5, 'Depth': '30', 'Pair': 'Watermark-SMT100', 'Value': np.float64(-0.42572646831550737)}","{'Tree': 5, 'Depth': '30', 'Pair': 'Watermark-SMT100', 'Value': np.float64(-0.4943833596223512)}","{'Tree': 5, 'Depth': '30', 'Pair': 'Watermark-SMT100', 'Value': np.float64(-0.5966456315553181)}"
"{'Tree': 5, 'Depth': '30', 'Pair': 'Tensiomark-SMT100', 'Value': np.float64(0.9545453164183205)}","{'Tree': 5, 'Depth': '30', 'Pair': 'Tensiomark-SMT100', 'Value': np.float64(1.9024599269980733)}","{'Tree': 5, 'Depth': '30', 'Pair': 'Tensiomark-SMT100', 'Value': np.float64(-0.7333594188462497)}","{'Tree': 5, 'Depth': '30', 'Pair': 'Tensiomark-SMT100', 'Value': np.float64(-0.5506237050279226)}","{'Tree': 5, 'Depth': '30', 'Pair': 'Tensiomark-SMT100', 'Value': np.float64(-0.6519213503551461)}"
"{'Tree': 5, 'Depth': '30', 'Pair': 'Watermark-Plantobelly', 'Value': nan}","{'Tree': 5, 'Depth': '30', 'Pair': 'Watermark-Plantobelly', 'Value': np.float64(nan)}","{'Tree': 5, 'Depth': '30', 'Pair': 'Watermark-Plantobelly', 'Value': np.float64(-0.22926224274124443)}","{'Tree': 5, 'Depth': '30', 'Pair': 'Watermark-Plantobelly', 'Value': np.float64(-0.10350382053206944)}","{'Tree': 5, 'Depth': '30', 'Pair': 'Watermark-Plantobelly', 'Value': np.float64(-0.1894810569947213)}"
"{'Tree': 5, 'Depth': '30', 'Pair': 'Tensiomark-Plantobelly', 'Value': nan}","{'Tree': 5, 'Depth': '30', 'Pair': 'Tensiomark-Plantobelly', 'Value': np.float64(nan)}","{'Tree': 5, 'Depth': '30', 'Pair': 'Tensiomark-Plantobelly', 'Value': np.float64(-0.5446971396243965)}","{'Tree': 5, 'Depth': '30', 'Pair': 'Tensiomark-Plantobelly', 'Value': np.float64(-0.39777956951986887)}","{'Tree': 5, 'Depth': '30', 'Pair': 'Tensiomark-Plantobelly', 'Value': np.float64(-0.5568396010430516)}"
"{'Tree': 5, 'Depth': '30', 'Pair': 'Tensiomark-Watermark', 'Value': np.float64(0.4468192958266129)}","{'Tree': 5, 'Depth': '30', 'Pair': 'Tensiomark-Watermark', 'Value': np.float64(0.8905347816374383)}","{'Tree': 5, 'Depth': '30', 'Pair': 'Tensiomark-Watermark', 'Value': np.float64(0.6565348478850922)}","{'Tree': 5, 'Depth': '30', 'Pair': 'Tensiomark-Watermark', 'Value': np.float64(0.4466910217977547)}","{'Tree': 5, 'Depth': '30', 'Pair': 'Tensiomark-Watermark', 'Value': np.float64(0.6007316771207134)}"
"{'Tree': 5, 'Depth': '60', 'Pair': 'SMT100-Climavi', 'Value': np.float64(0.029642566561032677)}","{'Tree': 5, 'Depth': '60', 'Pair': 'SMT100-Climavi', 'Value': np.float64(0.9278053855693099)}","{'Tree': 5, 'Depth': '60', 'Pair': 'SMT100-Climavi', 'Value': np.float64(-0.37306456077813765)}","{'Tree': 5, 'Depth': '60', 'Pair': 'SMT100-Climavi', 'Value': np.float64(-0.2569241638961756)}","{'Tree': 5, 'Depth': '60', 'Pair': 'SMT100-Climavi', 'Value': np.float64(-0.45914253220573303)}"
"{'Tree': 5, 'Depth': '60', 'Pair': 'Plantobelly-Climavi', 'Value': np.float64(0.026125801796699138)}","{'Tree': 5, 'Depth': '60', 'Pair': 'Plantobelly-Climavi', 'Value': np.float64(0.9765009130188045)}","{'Tree': 5, 'Depth': '60', 'Pair': 'Plantobelly-Climavi', 'Value': np.float64(0.2155132637993539)}","{'Tree': 5, 'Depth': '60', 'Pair': 'Plantobelly-Climavi', 'Value': np.float64(0.12790213966716743)}","{'Tree': 5, 'Depth': '60', 'Pair': 'Plantobelly-Climavi', 'Value': np.float64(0.1767340847384847)}"
"{'Tree': 5, 'Depth': '60', 'Pair': 'Watermark-Climavi', 'Value': np.float64(0.43206070856947026)}","{'Tree': 5, 'Depth': '60', 'Pair': 'Watermark-Climavi', 'Value': np.float64(1.0446003562782422)}","{'Tree': 5, 'Depth': '60', 'Pair': 'Watermark-Climavi', 'Value': np.float64(-0.3169208346236546)}","{'Tree': 5, 'Depth': '60', 'Pair': 'Watermark-Climavi', 'Value': np.float64(-0.20070461228598752)}","{'Tree': 5, 'Depth': '60', 'Pair': 'Watermark-Climavi', 'Value': np.float64(-0.28423626603258495)}"
"{'Tree': 5, 'Depth': '60', 'Pair': 'Tensiomark-Climavi', 'Value': np.float64(0.4013831472809585)}","{'Tree': 5, 'Depth': '60', 'Pair': 'Tensiomark-Climavi', 'Value': np.float64(1.0207080709748002)}","{'Tree': 5, 'Depth': '60', 'Pair': 'Tensiomark-Climavi', 'Value': np.float64(-0.27141789128113375)}","{'Tree': 5, 'Depth': '60', 'Pair': 'Tensiomark-Climavi', 'Value': np.float64(-0.23334257051977814)}","{'Tree': 5, 'Depth': '60', 'Pair': 'Tensiomark-Climavi', 'Value': np.float64(-0.2798729250303037)}"
"{'Tree': 5, 'Depth': '60', 'Pair': 'Plantobelly-SMT100', 'Value': np.float64(0.02607915503575357)}","{'Tree': 5, 'Depth': '60', 'Pair': 'Plantobelly-SMT100', 'Value': np.float64(0.9747574027140424)}","{'Tree': 5, 'Depth': '60', 'Pair': 'Plantobelly-SMT100', 'Value': np.float64(-0.1846877806555989)}","{'Tree': 5, 'Depth': '60', 'Pair': 'Plantobelly-SMT100', 'Value': np.float64(-0.13079926339496373)}","{'Tree': 5, 'Depth': '60', 'Pair': 'Plantobelly-SMT100', 'Value': np.float64(-0.18257193751734369)}"
"{'Tree': 5, 'Depth': '60', 'Pair': 'Watermark-SMT100', 'Value': np.float64(0.46766307629393505)}","{'Tree': 5, 'Depth': '60', 'Pair': 'Watermark-SMT100', 'Value': np.float64(1.1306767924634715)}","{'Tree': 5, 'Depth': '60', 'Pair': 'Watermark-SMT100', 'Value': np.float64(-0.5026027402042128)}","{'Tree': 5, 'Depth': '60', 'Pair': 'Watermark-SMT100', 'Value': np.float64(-0.355822529026961)}","{'Tree': 5, 'Depth': '60', 'Pair': 'Watermark-SMT100', 'Value': np.float64(-0.47922391973332695)}"
"{'Tree': 5, 'Depth': '60', 'Pair': 'Tensiomark-SMT100', 'Value': np.float64(0.572069977185374)}","{'Tree': 5, 'Depth': '60', 'Pair': 'Tensiomark-SMT100', 'Value': np.float64(1.4547607362965684)}","{'Tree': 5, 'Depth': '60', 'Pair': 'Tensiomark-SMT100', 'Value': np.float64(-0.4492549484816852)}","{'Tree': 5, 'Depth': '60', 'Pair': 'Tensiomark-SMT100', 'Value': np.float64(-0.43689192290481216)}","{'Tree': 5, 'Depth': '60', 'Pair': 'Tensiomark-SMT100', 'Value': np.float64(-0.5446787627553612)}"
"{'Tree': 5, 'Depth': '60', 'Pair': 'Watermark-Plantobelly', 'Value': nan}","{'Tree': 5, 'Depth': '60', 'Pair': 'Watermark-Plantobelly', 'Value': np.float64(nan)}","{'Tree': 5, 'Depth': '60', 'Pair': 'Watermark-Plantobelly', 'Value': np.float64(0.03426158060167167)}","{'Tree': 5, 'Depth': '60', 'Pair': 'Watermark-Plantobelly', 'Value': np.float64(0.11782052071461305)}","{'Tree': 5, 'Depth': '60', 'Pair': 'Watermark-Plantobelly', 'Value': np.float64(0.1532859943749549)}"
"{'Tree': 5, 'Depth': '60', 'Pair': 'Tensiomark-Plantobelly', 'Value': nan}","{'Tree': 5, 'Depth': '60', 'Pair': 'Tensiomark-Plantobelly', 'Value': np.float64(nan)}","{'Tree': 5, 'Depth': '60', 'Pair': 'Tensiomark-Plantobelly', 'Value': np.float64(-0.21867192488507242)}","{'Tree': 5, 'Depth': '60', 'Pair': 'Tensiomark-Plantobelly', 'Value': np.float64(-0.176928350386777)}","{'Tree': 5, 'Depth': '60', 'Pair': 'Tensiomark-Plantobelly', 'Value': np.float64(-0.25355815447436)}"
"{'Tree': 5, 'Depth': '60', 'Pair': 'Tensiomark-Watermark', 'Value': np.float64(0.33088477901784374)}","{'Tree': 5, 'Depth': '60', 'Pair': 'Tensiomark-Watermark', 'Value': np.float64(0.8414323491011415)}","{'Tree': 5, 'Depth': '60', 'Pair': 'Tensiomark-Watermark', 'Value': np.float64(0.7233546743022501)}","{'Tree': 5, 'Depth': '60', 'Pair': 'Tensiomark-Watermark', 'Value': np.float64(0.366942010556409)}","{'Tree': 5, 'Depth': '60', 'Pair': 'Tensiomark-Watermark', 'Value': np.float64(0.5003691022528652)}"
